Type,SubType,Ref.Sig.1,Ref.Sig.18,Ref.Sig.17,Ref.Sig.MMR1,Ref.Sig.2,Ref.Sig.MMR2,Ref.Sig.5,Ref.Sig.8,Ref.Sig.13,Ref.Sig.3,Ref.Sig.30,Ref.Sig.MIXED1,Ref.Sig.4,Ref.Sig.N1,Ref.Sig.PLATINUM,Ref.Sig.MIXED2,Ref.Sig.33,Ref.Sig.22,Ref.Sig.10,Ref.Sig.36,Ref.Sig.7,Ref.Sig.MIXED3,Ref.Sig.16,Ref.Sig.19,Ref.Sig.N2,Ref.Sig.9,Ref.Sig.N3,Ref.Sig.52,Ref.Sig.11,Ref.Sig.38,Ref.Sig.51,Ref.Sig.N4,Ref.Sig.N5,Ref.Sig.N6,Ref.Sig.N7,Ref.Sig.N8,Ref.Sig.N9,Ref.Sig.N10,Ref.Sig.N11,Ref.Sig.24,Ref.Sig.N12
C>A,ACA,0.014424897290084,0.0396635683570751,0.00637245976208482,0.00128489746753136,0.00600277278777892,0.00588295436247651,0.019739892319167,0.0329213556127647,0.00335639198019124,0.0155338157294858,0.0138309368113174,0.0156701153795485,0.0468292500188997,0.0128996610847317,0.011447836733262,0.0067380979226265,0.0162819015718623,0.00602186891802263,0.00190208095435972,0.0207239588974618,0.00626253398250517,0.0177712791433881,0.021866684659067,0.00924112152839456,0.0147922339006587,0.0100216184351709,3.1527163184353e-05,0.00882032215678247,0.000469377435630254,0.00578057607820017,0.107243962995429,0.00637102279150485,0.0113935812661664,0.0143827849063702,0.0178356262847392,0.0217106317700132,0.0244862676671193,0.0180630894817565,0.0123423461614532,0.036434958280782,0.0108919874801573
C>A,ACC,0.010360349980791,0.018544609944735,0.00407594911628903,0.00213418525827531,0.00407095565021829,0.00415772998897585,0.0130591282598832,0.0293565391014245,0.00166449254237615,0.0126598704401291,0.0115395656699151,0.0130701259768888,0.0295427568635658,0.0115748079082062,0.0276977202839195,0.0060902987130793,0.00913611397568764,0.00353293622946873,0.00291745089993511,0.00941248413916999,0.00292237806437412,0.00948833883317115,0.00929272865798613,0.00847283092824287,0.00975002045327197,0.0106868545120039,0.000158254290790501,0.00281321843275311,0.000412351075526953,0.00914023427209216,0.0156381148201504,0.0121616962582993,0.0171594379495315,0.0244407701799805,1.42894538805553e-05,0.0181739416984994,0.00636678380280416,0.00485037668440209,0.00884087381157543,0.0250135219829857,0.00303954253101182
C>A,ACG,0.00177719320756657,0.00280856933159494,0.000710741023415209,0.000391244158866443,0.00103417376023946,0.000720844339420497,0.00406459437558187,0.00343817042994726,0.000428547622017369,0.00291595151417199,0.00228003444395165,0.00223355747888485,0.00877381666202095,0.00153272123068954,0.000801583332790048,0.000287848102513724,0.00317358286630986,0.000864019570807336,0.000272853518110438,0.00100620132725224,0.000426252489523525,0.00144155939863951,0.00186114900142108,0.00129216135461784,0.00184370594266468,0.000423156027262634,5.78689939417934e-07,0.00351727380924602,8.38224421332237e-23,0.000644631595612852,0.00501437332501264,0.000949701362941051,0.00110474976752508,0.00410138040638149,0.000982929420744683,0.00604602369136264,0.000636380501467632,0.0032831580282088,0.00304916756567227,0.0206098512746895,0.000195396164184262
C>A,ACT,0.00691944888470882,0.0214552439464277,0.00433682912737252,0.00365135347987422,0.00491378624619889,0.00527736437392088,0.0113906558433709,0.031910368135621,0.00220660328291681,0.0140872599480893,0.00783220659431015,0.0112738800727372,0.0298010794647462,0.0109403259297553,0.0145691896261553,0.00592614149714897,0.00871628876144309,0.00406556613926636,0.0135171986218262,0.018142018447082,0.00443027053688776,0.00828593091785475,0.0131478348687585,0.00259140589966152,0.00948473835603277,0.00440781980974109,0.00333478642171659,0.00619000667736342,0.000713874910307559,0.00667444302918583,0.0267649759398771,0.00882433645926042,0.0082696316567926,0.0121854687404982,0.00897960829742695,0.00630641808850536,0.00853807408011431,0.00791980871189863,0.00598916721226844,0.0228571174822455,0.00212134982471722
C>A,CCA,0.00787884129120663,0.0306763766835288,0.00680003118180053,0.00904159996616281,0.0054280572104699,0.00553256844272641,0.016180225950986,0.0282741228139752,0.00298485485987792,0.0172578152360193,0.0109749935080435,0.0169405820025891,0.0679069642967519,0.0094449978247422,0.0222592654399216,0.00507577983858807,0.0173408074933649,0.0064097830998538,0.00322960036335903,0.0455805698321948,0.00427369980469152,0.014087736938369,0.0155567671021228,0.0113718452745604,0.00581196111078311,0.000826151059025494,0.00317224227505866,0.0339805451738949,0.00013909929027448,0.262036595183261,0.0223418661552419,0.00726384559533831,0.0305433182493932,0.00394361582051038,0.0234399598028947,0.0332738373808237,0.00852313480293122,0.0116583668211653,0.00849187001244371,0.0428727214964622,0.00519984914189073
C>A,CCC,0.00609309030472518,0.00940106601655866,0.00372833293412794,0.0161025253378963,0.00342071783663894,0.00627942418649966,0.00975737266386749,0.0298276956194182,0.00204263855175503,0.0157326816991796,0.00606624459742046,0.0157305527798284,0.060567881495409,0.00747496410882657,0.0200983144042988,0.00100798586312619,0.0104414013694582,0.0057207686186131,0.00117445714103704,0.0157641146132251,0.00424566652805502,0.00742140660040407,0.0100413932705887,0.00663657994200989,0.00210339718037093,0.00353571587826471,0.00272061845882427,0.00670161660999933,0.000725064342892715,0.0302591586166888,0.00342263826522276,0.0119260678000851,0.00552048369684551,1.83375772209658e-22,0.00754154269817159,0.0320827627382548,0.0118527726111097,5.44327605142305e-06,0.00896949978858794,0.0345920229728483,0.00271568163364562
C>A,CCG,0.00149400129977464,0.00367102700501315,0.000840996761092882,0.00286960812786494,0.000969024123468517,0.00177886167670387,0.00291472724762542,0.00252938681338764,0.000476191093589339,0.00274884545213854,0.00218458459051455,0.00142692752117808,0.0113748426218264,0.00100828866117481,0.0022229646943536,0.00189376000448893,0.00335835849121838,0.000878009581353401,0.000272100050120658,0.00419718994837642,0.00024470047813506,0.00130557224069613,0.00215149322303915,0.000826307233424393,0.000532651014996028,0.00051086854640707,4.14831374545141e-14,0.00532742253653896,3.60490653316919e-05,0.0382899532309806,0.00113775481524657,0.00305590112597564,0.00126075068706279,0.00152428259934735,1.46598821449799e-17,0.00802241943281212,0.00217988315622845,0.00149010109212769,0.00204369345041193,0.0164275829255092,0.00125083288077435
C>A,CCT,0.00749014023079756,0.0210518524964581,0.00534634639023402,0.0493623377284969,0.00390611470116036,0.014550264262833,0.00756245133424646,0.0283008220239823,0.00227915690806072,0.0111861804628011,0.00374950533560001,0.0107744535738705,0.0502455403583418,0.00772583563152045,0.0411563068107395,0.00475672917143106,0.0100237692374386,0.00490214683184434,0.0149787176409409,0.0671416246503803,0.00594144785321849,0.0144926140587556,0.0112806159760055,0.00292494413341133,0.00606111855124042,7.45397846923101e-06,0.00711575706596031,0.00653818968198772,0.000758135217699156,0.101079182189866,0.00864949918613195,8.2009489892233e-20,0.0140985741710814,0.00538201091271792,0.00461049631058821,0.0086602699531294,0.00399120367706071,0.00991079938582167,0.00670608995335652,0.0232529520639841,0.00597302866546915
C>A,GCA,0.0100940963088702,0.056279192934647,0.00462442147984437,0.00201640100081788,0.00408890810913737,0.00274316409825151,0.0100995909467617,0.0140675647382764,0.00185797775044691,0.00505299381213634,0.00614985661295183,0.00575121389232528,0.0297726773527381,0.00321979241276267,0.0136377668856935,0.00182151380660551,0.00960688054364189,0.00547680017281602,0.00157575066534622,0.0485174105775463,0.003144283204658,0.0274127108003504,0.0125973272552366,0.00405027642072183,0.0018264751444492,0.00607973551903464,6.88216037203539e-14,0.00152995692653275,7.35770248231952e-05,0.0127087538728468,0.0475445526682439,0.00714683719675907,0.00765753239124661,1.26557684843267e-06,0.0121446899486581,0.00687571410083151,4.37020380406377e-21,0.00858961060708364,0.00271938137588441,0.0490438699693615,0.00174299193825026
C>A,GCC,0.00497262334939205,0.0133891798427072,0.00305101029817725,0.00398182820970202,0.00237901447852655,0.00348578927079219,0.0115757165831401,0.0152022259469775,0.00130316181921088,0.00898830634730307,0.00525143015228823,0.00475327434378906,0.0272212585739506,0.00419486724101039,0.0324896139465106,0.00284525642722504,0.00682402009686829,0.00630694453345138,0.00181441843967267,0.0170786366487621,0.00226999292055122,0.0058694466199134,0.00912625382467589,0.00421921331112435,0.0026259462820232,0.0101319432494174,2.09206578769446e-05,0.00268318570038475,0.000216759595504508,0.00668193359657643,0.00837613536393381,0.006383735485773,0.00694975704109035,0.0139478577045111,0.000937257407138656,0.0011696382579748,0.000647973867458746,0.0032520629235267,7.48119251473779e-07,0.0977131252362164,0.00526192207433548
C>A,GCG,0.00185678428387923,0.0043325897265046,0.00042177278523265,0.000871605931251047,0.000736417275693432,0.000398176738434904,0.00503241382932626,0.00144643921639196,0.000332108648932203,0.00145574091778432,0.00171624650970301,0.000521083524042876,0.00693132788764088,0.000906815623609105,0.00133156437500184,0.00210676343410269,0.00171128526123417,0.00159350171230914,9.67073198957999e-05,0.00298355744016625,0.000334995340587404,0.00222374267085548,0.00131462129125659,0.000245337814526634,0.000346962543269332,1.97944473992694e-05,0.000303563333251119,0.00349580182261371,7.82378083430474e-22,0.00236622547975915,0.00332572203502275,1.16807661576247e-20,0.000514322645338357,0.0028023665053945,0.00209078065625478,0.000609886380991693,0.00191535972324073,0.00175884936587709,0.00215324214532489,0.0430438613960415,0.000807978932949614
C>A,GCT,0.00643996673690391,0.0328682035732123,0.0035492110790935,0.0102076458705462,0.00341985973582822,0.00403877496277499,0.00745633236331587,0.0149018373579796,0.00166563650916718,0.00769657371793477,0.00405641425702156,0.00781745471704098,0.0207831293179182,0.00478236620830458,0.0130851069207677,0.0012196327533729,0.00566695835213918,0.00478881097638487,0.00893992435223098,0.0517935331237825,0.00324678897647485,0.0126566808628641,0.0106732081944593,0.00401885746418028,0.00332579933837777,0.00207445851573679,0.00787124128972117,0.00354352783169197,0.000335763489758075,0.00755267805698378,4.84479595276849e-06,0.00693101625920447,0.00763567470266914,1.83375772209658e-22,1.30319965702018e-20,1.60210801906223e-08,0.000146861610920399,0.00489788198677688,3.29009621269276e-11,0.0436120615645842,0.00494969052015284
C>A,TCA,0.00956711946358156,0.0441889138999098,0.00688046677908107,0.00203096172245742,0.0205701828786063,0.00402577252361572,0.0126754540229802,0.017011064163109,0.0316488013646876,0.006422586065869,0.00623836014879789,0.0132215967097314,0.0394104631636925,0.00742655115918624,0.0158632251978988,0.0119697371891153,0.0170114295810984,0.00547794442813875,0.0532596173049144,0.139198583278087,0.00544168097998596,0.0131688240385709,0.0191127115634476,0.00355502992683952,0.0161158703791522,0.0391672365092312,0.0159597316327877,0.270875832755973,0.000464261101423197,0.0180059116769883,0.0136745331417936,0.0121136527130274,0.00661902307034428,0.011943313470815,0.0116935584828664,0.0102148609598436,0.000977978021130315,0.000874540569836709,0.0207471445423685,0.0283344254332604,0.0229733328582376
C>A,TCC,0.00876059546670024,0.0267307634264921,0.00435382533433158,0.00400614532111407,0.00938158037985508,0.00313573472181476,0.0150079541675517,0.0190164364762847,0.0146347332698824,0.0140674725876791,0.0106085960029228,0.0137197786436057,0.0400547709639609,0.00471363086630988,0.0177486534323521,0.0113388629438733,0.0163608788801099,0.00577623456108649,0.00646438720940387,0.0530935871197484,0.00317651721957334,0.00698194419851629,0.0138765652178265,0.00573391189584496,0.0060132120201981,0.00587082172164255,7.23113286084623e-14,0.0345028461298412,0.000948121229702156,0.012267754791095,0.000444019744673604,0.00802293805159909,0.00987098497110062,0.0147616041529312,0.00472329811905935,0.0297940635967483,0.00416333112891408,1.67777408324785e-14,0.0243736687994359,0.0511306676766829,0.0117397614223617
C>A,TCG,0.0019842240538928,0.00532169705783488,0.000806091543127673,0.000369899486105693,0.00145418020799032,0.00083581006619788,0.00218089440226664,0.00155055098261899,0.00259923048634511,0.0016747773780517,0.00149217493239958,0.000807080222690146,0.00566664163347483,0.000823514152087543,0.00142031677623414,0.00159646391927931,0.00266659426332639,0.000595957942450525,0.00127352966085707,0.00963871772361912,0.000537471253789937,0.00160119064146576,0.00138358848059621,0.000808690676644628,0.00067204188837255,0.00102908765678731,0.00115228012772638,0.069546830629444,4.04930610844177e-05,0.00341692360160298,0.00471028053203673,1.16807661576247e-20,0.000472107650218293,0.000965739254750225,0.00244155646625646,0.00612628284022724,0.00219107508704824,0.000407035505451271,0.00307079996124214,0.0142631820789255,0.00187573546171582
C>A,TCT,0.0142382524123287,0.0756480164973812,0.00995475985268478,0.0117532320594898,0.0144151676120589,0.00947117891480336,0.0096822632531632,0.0209778108293557,0.0159947997137373,0.00665981926923423,0.0061261900783271,0.0174728083584357,0.0411438494618226,0.015202889908785,0.0199857034539286,0.0200143484935383,0.016301918077671,0.00741533584590348,0.362430769821957,0.213372886917544,0.00305343384244715,0.0289010953495861,0.0224511966129137,0.00404325773346335,0.0210400094341537,0.0250111944592928,0.026231958078151,0.0342460372416552,0.000796370982850989,0.0396150089649852,3.95974407303175e-07,0.00936921917279127,0.0116561013803701,0.00674050053434676,8.42962740541529e-08,1.13827809390548e-07,0.00189291516092792,0.00646777548503825,0.0146963758117389,0.0190435949226615,0.0118942398885695
C>G,ACA,0.00369897666891423,0.00742316327314914,0.00330546083503498,0.00291554827838885,0.00259593107707847,0.00723887526222596,0.00731343762275,0.0120015637329432,0.00500594808203494,0.0285304838568802,0.00818009477490828,0.0210811864796219,0.0114230685040157,0.00694371918499795,0.00515063906235617,0.0017984314676337,0.0084585823964112,0.00244763235903361,0.000496376992967483,0.00130943726224627,0.00423182012072598,0.00378644657798953,0.00792400649318481,0.00358621264256775,0.0108527570757861,0.00510316696616617,0.00064470312713612,0.00818722664529178,0.000414014422237721,0.00705516800073159,0.0162411037086411,0.00836426422724543,1.24922673100128e-15,0.00688727957148468,0.00965834187056827,0.0058346661883211,0.0224698796193324,0.00809447065848075,0.00156962024067586,0.00704282488964632,0.00727648753396566
C>G,ACC,0.00212327903985393,0.00415742901659576,0.00198396129575121,0.001349935710179,0.00114207287501299,0.00402358888666886,0.00463893079992259,0.00646883099310202,0.0017844228058334,0.0149943541981916,0.00557489381719656,0.0119969579823481,0.00467270586083207,0.00447716712582715,0.00328251512057576,0.00243273642647803,0.00413842001257864,0.000927991706810975,0.000240255057880863,0.000670706706133088,0.00244755439333935,0.00307953894544593,0.00402630665978947,0.00206311919790318,0.00621292571593925,0.00103534484926873,0.0014339339332303,0.00632152688071564,0.000242227246035369,0.00747597654213883,0.00475731617099995,0.00829028837184922,0.00328195432485652,0.00703253392726399,0.00719689334842929,0.00683683558253636,0.00496306340943944,0.00469259694397703,0.00194969110141289,0.006581974178147,0.0124857670249976
C>G,ACG,0.000901024114667889,0.00233769107493358,0.000693092903590585,0.000299867432377958,0.000582718580925679,0.000710156102285586,0.00136464247123192,0.00176206250395689,0.000501876848974683,0.00816343898535901,0.00126225143007236,0.00304447253989857,0.00190152222179996,0.000658957560507667,0.000780043940012479,0.00055696622928636,0.000876898403379208,0.000180857041628953,1.23576482294933e-05,0.000167968489067533,0.000191323071112566,0.00074742501595761,0.000644565147601298,0.000133719268193451,0.00214694177288163,0.000213093507025145,0.00135281116533722,0.00189700485374707,5.67995336850973e-05,1.58485880934141e-21,1.48554174303059e-12,1.16807661576247e-20,1.46638821731017e-15,0.00419054092404022,0.00113997377161051,0.00223726339444507,0.00112608783071691,0.0046234799553565,1.17845242854927e-21,0.00212855672287885,0.000337921458305054
C>G,ACT,0.00367889261783336,0.00600901763004313,0.00401392437506405,0.002739025127185,0.00318375190934508,0.0065800262493696,0.00646805699469578,0.0115239455697445,0.00515852509554183,0.0257473204672897,0.00780986219385613,0.0259282639389063,0.00748211424210196,0.0110592065842686,0.00722922957742781,0.00312537870322749,0.00605259945323224,0.00163614658943754,0.000308449459118887,0.000614026606140407,0.00230373793619235,0.00289042307744085,0.0187858961498453,0.00311077014722842,0.019893416083138,0.00252345032130769,0.000445516815725505,0.0110916300021972,0.000271661162834845,0.00104065906529711,0.00543841194076473,0.010329573522404,0.00675440224555338,0.00603061440215338,0.00647392958608805,0.00728624190409402,0.0161045830256148,0.00654265879054795,1.4538261187343e-06,0.00344194800397393,0.0215001043343843
C>G,CCA,0.00153291479381314,0.00356018258719286,0.00241859790112002,0.000618316005447723,0.00248212238692181,0.00221002267524032,0.00550117984656932,0.00867150425675107,0.00491972249735902,0.0182723624525025,0.0052975311578884,0.0146942023449498,0.00891585100984442,0.00260664787062114,0.00365689662993443,0.00225616277545869,0.00482244003642866,0.00129761073951861,6.52594893634467e-05,0.000343910549615321,0.00197847243320519,0.00156970026704773,0.0049179954190053,0.00236713236606827,0.00428029008682524,5.34847679001524e-13,2.27353224613686e-14,0.0042984912908261,0.000199851454329177,0.00159564737036583,0.00430800882914556,0.000342546193876438,0.00113368248690916,0.00594562179561685,0.00313563800672116,0.0132491378413688,0.00127182395638075,0.000379378500314503,0.00307535854071107,0.0052250273337139,0.00544710788696224
C>G,CCC,0.00184280248315102,0.00330231302194941,0.00243432513116302,0.000529228332915704,0.00116088878123494,0.00238248015340347,0.00593697468820927,0.00760902816831813,0.00181328149317848,0.0154535308334044,0.00580395327956787,0.00982804067353602,0.00797676245281021,0.00203872656483189,0.00489358669155326,0.00105076830069381,0.00453304724077198,0.00116707459007122,6.42675395186588e-05,0.000327036055589011,0.00172718229079194,0.0025743559464396,0.00371413986280237,0.00171666519885078,0.00299221730553495,6.80906244665673e-05,0.00152592678489332,0.00337537937499711,9.47153433575872e-05,0.00194103748070744,0.00754655681393739,0.00470300670147876,1.843668629054e-21,0.00119087653493756,0.000798694959322152,0.0107042442449864,0.000421242140510364,0.00125804310337569,0.00442794526560886,0.00659163499473446,0.01511496918387
C>G,CCG,0.00102415324332514,0.00227388163068737,0.000830990793391069,0.000322335200916165,0.000406543296350149,0.000272144566108357,0.00237038932315081,0.00143772606581803,0.000457719805166884,0.00678777351657058,0.000725072602194041,0.00244553933251102,0.00241154477995799,0.000925972714866763,0.001145813925127,0.00124341364256309,0.00126479312075486,0.00026139635370989,1.32115658089648e-05,7.50312855787853e-05,0.000548996155671944,0.000502565477298585,0.00141694673643421,5.72995524652046e-05,0.00072845478026861,0.00011004162288527,0.000601244209671223,6.60736937847136e-21,3.43788469127982e-05,0.00177611549787837,9.74859486291819e-08,0.00448703948102956,1.843668629054e-21,0.00338510072632335,0.000988861545853557,0.00411252480714536,0.000283040806888893,0.00048043624195932,0.000830812067467403,0.000942101985081512,0.00180739816258511
C>G,CCT,0.00286622376177254,0.00486064635046232,0.00376902827837559,0.00101846990497752,0.00316434354480898,0.00221392466380652,0.00882661696994894,0.0107854421382743,0.00677515395987311,0.0233386035987517,0.00682250259623029,0.0218490983340103,0.00703913533443513,0.00451809957099114,0.0113316550086487,0.00201340400906744,0.00361829640015676,0.00113969582151546,9.79832083895272e-05,0.000537612735242643,0.00175546734700409,0.00243893296412618,0.0138728376554497,0.00172326494850308,0.00667594523949693,0.00162219109974486,0.00105398429471495,0.00349653557775216,0.00025824447554707,0.00455412816450017,0.00310941035363414,0.0054943263700968,0.00310693068646713,0.00217817187892105,0.000509862639218966,0.0149486608653591,5.54765878881801e-10,0.00129981966757534,0.00220044717794313,0.00135366793270497,0.0274468377487663
C>G,GCA,0.00167988445304626,0.00298412325588626,0.00146149366101128,0.00118698668689111,0.00123057721187629,0.00234862329184742,0.00345290753601598,0.00551493225956394,0.00204588265976756,0.0125990404916946,0.00454716005722531,0.00866298313994144,0.00578336243506056,0.00264556362082198,0.002776738632637,0.00120831374424821,0.0036239357835389,0.00124482035987029,0.000308005357262113,0.00111840600372735,0.00202052937516117,0.00114727017841679,0.00234742495938859,0.000868850710174207,0.00299908093841125,0.00283529701018762,0.00385389717379489,0.00573973826011724,9.23506838358013e-05,0.00360847237659338,0.000903411744534164,0.00228745562841122,0.00223875305802258,0.00603446586066236,0.00543569166040501,0.00505448585394906,0.00469934147112928,0.00578133969849901,1.52856470035959e-15,0.00705903072555502,0.00361981989415941
C>G,GCC,0.00206011521728011,0.00183304846938879,0.00198337160441356,0.00217900701815171,0.00109775953959742,0.00405544008445746,0.00392441048271024,0.00443525035696664,0.00189570838018116,0.0116295943833067,0.00483206683458177,0.00973524464120409,0.00502110091101214,0.00349977619966979,0.0143520272726959,0.00199082772619745,0.00298786098439517,0.00129203091721909,0.000208341973071373,0.00117253553583802,0.00156777320526109,0.00140006098423344,0.0050525934637175,0.00111013293423246,0.0063199852773552,3.32915643839055e-05,0.00452684996784164,0.00483060514975911,0.000163532841632346,0.000890689170345025,0.000992452379468418,0.00412890112920398,0.00308226959132873,0.0050595672832453,1.30319965702018e-20,0.0017717510175804,0.00260370039765897,0.00498178651961099,0.00184964913367373,0.0101612061321847,0.00448800179132628
C>G,GCG,0.000358083106600436,0.00104557384617399,0.000239919657410186,0.000250969619834884,0.000336205571387119,0.00066694667919439,0.000847577419377619,0.000855175405799305,0.000403677194029483,0.00364614534447797,0.00080517734202109,0.00164333890825384,0.0021036193376846,0.000538577104963439,6.9196078507501e-05,0.000229211648363926,0.00101027156445338,0.000354921100460984,5.95640131994782e-06,2.90032012580604e-05,0.000201897890289573,0.000346741414384658,1.04294716109636e-06,0.000292245719938443,0.000451088621780841,0.000302023524597064,0.000364282258359974,0.00142065927402464,2.27899901825374e-05,0.00154602418860314,5.99248053133405e-05,0.00165071556617237,1.843668629054e-21,0.00501671303686911,0.0043935171364012,1.84578667227405e-08,0.00224533046676593,0.00117932831158041,1.61107638125698e-16,0.00567760702446896,0.000796971194699224
C>G,GCT,0.00157637388879255,0.00336641506975649,0.0021933398606561,0.00151374694384638,0.00173995080391572,0.00370737718271182,0.00339074726841891,0.00809693726410014,0.00357415426840574,0.0169995643390139,0.00548419397588305,0.0164292841032623,0.00391781758291712,0.00237887807065807,0.00953657634398944,6.47441893053987e-10,0.00171219447260346,0.000917411872017736,0.000299787853378638,0.000284812917582949,0.00103695055793628,0.00134262911782776,0.00805044565733742,0.0017303526884928,0.00802624359169218,8.10060075055213e-05,0.0058848875895531,0.00272606720763497,0.00016377614680488,0.00370319054204826,1.95161624781007e-20,0.00290313190020018,5.19168861585397e-14,0.00353800982722364,2.2840635828244e-11,0.00431518307256114,0.00896496275961783,0.00406776053845731,2.31737615718107e-12,0.00384400992665306,0.00857004252031734
C>G,TCA,0.00194758477451007,0.00713327583453285,0.00475750583028024,0.00069494869051114,0.0695862724106413,0.00558415233473239,0.00683454688965875,0.00734088749465279,0.202333531151118,0.016839461777557,0.000993428718327655,0.0523866717510469,0.00570980742410792,0.00143824651815293,0.00219393390255506,0.0185872265714752,0.0105109358014819,0.00286009122487792,7.66808274359829e-05,0.000714261767656993,0.00295340533515896,0.0163525235164765,0.00455072240178397,0.0013553624817217,0.0161605983503554,3.71097944198266e-22,0.0073272686251809,0.00872322478900381,0.00063978429841769,0.0114368685358453,9.66715980816128e-08,0.0101667697431899,0.0043989720396906,1.83375772209658e-22,0.00247088272198321,1.26152972034323e-07,0.00475733313999942,0.00851209288722015,0.00723874911498248,0.00876098605256725,0.000152976690375286
C>G,TCC,0.00265091188801283,0.00509245528930126,0.00274380524530347,0.00108818304554692,0.0157032034140052,0.00291535542662489,0.00699767195703418,0.0105566315872258,0.0449668689371458,0.0228490993325354,0.00601814266481695,0.0295630153737404,0.0062437591868644,0.00363205274300112,0.00279014652878259,0.00810072235772209,0.00697055908038002,0.00207473797980511,8.22640971797716e-05,0.00218258766481634,0.000729778829925592,0.00322849846082159,0.00447503113968926,0.00110196697676396,0.0079571334310313,2.4812159141712e-19,0.00450068568832425,0.00364207899031555,0.000447550753163154,0.00844150031715901,0.0124214457990525,0.00420660614247759,0.00495852753799163,0.00459000763273944,0.00514720073726295,0.00995243984887473,0.00388804088567312,0.00485659322657368,0.0035536163912827,0.00814589316783371,0.014746925850352
C>G,TCG,0.000632858959271162,0.00141290015018392,0.000668015982283655,0.000148333092484379,0.0023221183328458,0.000483957520809311,0.0014866199982244,0.00117108010720487,0.00893130656751657,0.00491209859021112,0.000761969591587584,0.00357166428287077,0.000995792705194772,0.000762282661918686,0.000198143434693687,0.00152333748277175,0.000742959430029467,0.000355447447052333,1.67949851713975e-05,7.28613290957156e-22,0.000172886586628153,0.000170466290403203,0.00118432123655295,0.00102717171692825,0.00116195734269855,3.71097944198266e-22,8.3947416919581e-05,0.00117948086191992,8.38224421332237e-23,0.000727090824718479,1.54252352892023e-21,0.000415164528947782,0.00178359047740634,0.00279895995842501,1.30319965702018e-20,0.00216357453294034,0.00378168712375808,0.00311813850907147,0.000951918654549676,0.00209469457380289,0.00231726124600934
C>G,TCT,0.00695119472190096,0.0116448641865215,0.00761934968914148,0.00176337721742665,0.0892006780873575,0.00952336472138705,0.00845584365239341,0.0199399026561991,0.232696805087585,0.0349525404126373,0.00501868243951918,0.0909578601867854,0.00631037268757405,0.006726845813675,0.0193239238110927,0.0290283401223293,0.0166498370138658,0.00339704498066981,0.000241124801821291,0.00213570766896561,0.00100333884158745,1.92587940780017e-09,0.0401352109431509,0.00435244611154267,0.0391099435228451,0.00103260105119471,0.00836278520799127,0.0090068967176138,0.000750142113980798,0.0203276956773637,2.87965573691207e-07,0.0150756693436184,0.0130006339680716,1.83375772209658e-22,0.00239906657211607,0.00387412171769172,0.0179881733243773,0.00532872573491914,0.00659731053494697,0.00911986823131409,0.0218899325525245
C>T,ACA,0.0239800352551088,0.0196393653942441,0.00807898887772379,0.0340308363244736,0.0107066847466641,0.00802151979139927,0.0200827850423415,0.0175786649092763,0.00452212337001335,0.018285631194897,0.0648583224485842,0.0114043153052592,0.0142358950664264,0.0140753894345433,0.0110175035596339,0.0288978276044313,0.0137360782888757,0.0028083440076246,0.00167719376041515,0.0110768478796372,0.00911353645277956,0.0259630405419057,0.00625930570224717,0.0270656844577629,0.00823969127576224,0.00788470982510452,2.45993401078829e-05,0.0137704269245355,0.0274258623663345,0.0109087581861483,0.0255466709600271,0.0295059875664159,0.00682679275390582,0.0503894563382121,0.0462134523025976,0.0165343297713494,0.0185734955828629,0.0317999980027335,0.0395925752247868,0.00950190235064099,0.0152642475589374
C>T,ACC,0.0124778379959597,0.00975873635069834,0.00414649365400774,0.0156333766848676,0.00411605097515339,0.00234038136848911,0.0122368689471161,0.00654989648512647,0.0018395298603769,0.00796149759160183,0.0404750590979225,0.00611059270631933,0.00866159458090585,0.00662709569855214,0.0101674867188561,0.0162742435024438,0.00727590650039029,0.00277733368068237,0.00371869949091239,0.00601603850759626,0.0168892934280647,0.0143812922512882,0.0082895298728017,0.00475491380836551,0.00433236755168707,0.00494406448427854,3.74453759734671e-06,0.00477971716430423,0.119099202839756,0.0043969732733196,0.0106919677172053,0.0164294626745737,0.0068610459221305,3.10823944395116e-09,0.0274964662047387,0.0163862926077493,0.00692656162350465,0.0147315127099762,0.0243636204679688,0.00514533604714986,0.00384832362485107
C>T,ACG,0.148615584310826,0.0324356127907817,0.00886013046005965,0.0318078414932608,0.0141061307115074,0.00950964501839766,0.0114339164615845,0.0103785108902501,0.00630552838191063,0.0077993835507285,0.0191925000044852,0.0113369911153622,0.00440660003300106,0.0149054864120586,0.00472670259988023,0.0202108834892848,0.035583108415261,0.00171039825030196,0.00864305553477468,0.00132570120372005,0.00870072239790941,0.0511094076091886,0.00306262127190627,0.0197821404407709,0.0138128396946867,0.00645328950596223,0.00405713393384103,0.0160447972224866,0.00592590750031679,0.0249503182914685,0.00513753505600366,0.0733201328321002,0.031095232961521,0.026746340695126,0.055391756398423,0.0202896671818172,0.00169340903300453,0.00685826165181307,2.52453751462055e-07,0.00168420226026972,0.00252789346114972
C>T,ACT,0.0140133474304768,0.0159925360986346,0.00513252317793543,0.0140231842154856,0.00668562769073312,0.00407355367285738,0.0125131792066433,0.0167756838599276,0.00278232573271879,0.016633133725774,0.0422082144368834,0.0125304773620996,0.0120121261088371,0.0160740285852658,0.00824627840253125,0.0176033545797703,0.00945603200829701,0.00201471538727551,0.00610135447396836,0.00456957448906221,0.0158801944234835,0.0202305072689579,0.0132922958448787,0.0240335694086077,0.00768928192457943,0.00396064614078846,0.00087876162101532,0.00837827829797513,0.0914942534878634,0.00613362222027054,0.0035597107418972,0.0176609926243985,0.0113246927682656,0.0215814444551008,0.021939567041462,0.0139707680552199,0.0231510876713047,0.0373363035774416,0.0164834059206928,0.00568669399084954,0.0113989585351079
C>T,CCA,0.0156563672352301,0.0165347268172089,0.00727191144837966,0.00884871408800015,0.0169868703861811,0.00502088461067722,0.0201104692350661,0.00709175511271423,0.00655370745987696,0.0149992706062915,0.0520078655211883,0.0113857610355589,0.0151715340196725,0.0119778814947619,0.0204301463008199,0.0338513108324658,0.0114735605568637,0.00316835962301347,0.000864185805038263,0.00704924250310182,0.0522859269261781,0.0214738990656832,0.00820630545947717,0.0823035461299588,0.00780013825634583,0.00618885026633195,8.86035705326315e-06,0.0175980977130929,0.0224782109876361,0.0121382389047303,0.00886364659916189,0.0106326734126834,0.0166630350991887,0.0301732326569872,0.0346418055518181,0.0255256306680343,0.0392054347633789,0.0143972609955407,0.0375696299856817,0.00981821020654318,0.0124521151388399
C>T,CCC,0.0155139560933219,0.0116475139636083,0.00545550513193615,0.0124909935224532,0.0072714592576401,0.00690493106602618,0.0199317838155614,0.0057368558344628,0.00258525290970603,0.00944945024412988,0.0481173210304068,0.00316794836695848,0.0111864199567349,0.00587850629446913,0.0843007930787436,0.0224021085765533,0.00880544843407754,0.00656329909441225,0.00148542004072321,0.00374897081186561,0.0630864380808304,0.0196988214536561,0.00585513910340557,0.0754064043844865,0.00233689646195569,0.00361983136223499,8.29330138996444e-11,0.00782408885333778,0.123627264005717,0.0151079400774732,0.0146670563289106,0.0248471033220049,0.014404656014418,0.00737662391049417,0.00964885675909014,0.019605307796828,0.0100226029263335,0.010269342973969,0.0226240589848863,0.00880800773605663,0.0151185771253284
C>T,CCG,0.0856167478294362,0.0240098619912591,0.00697219931640657,0.0239186894393458,0.01082877431884,0.00823017664789296,0.00888316470502615,0.00335979355390106,0.00576690974368402,0.00886769558846114,0.0126387168500864,0.00735294093422527,0.00514890207310924,0.00909908378856081,0.00671907738303884,0.016928233582885,0.0284312841179109,0.0023640709354005,0.00277379201078698,0.00134495850718818,0.010434750600965,0.035276870913738,4.20833517937633e-08,0.0227333720781125,0.00924975718747349,0.00302318257911984,0.000754453529860392,0.0109177258317019,0.00334962587657049,0.0129443277781671,0.00567185945373461,0.030117591361165,0.0263679482584781,0.0472415543033902,0.0251899061337445,0.0126158685457426,0.00569603045817754,0.00375357560513616,0.000461574903922099,0.00309052135678542,0.00106197953939963
C>T,CCT,0.0173628908849726,0.0151500114144235,0.00638627178024461,0.0118320820554183,0.0126846885625896,0.00514445914725277,0.0269060485557884,0.0202279493796022,0.00485664591849115,0.0167267929409667,0.0512285481146248,0.0108296946363091,0.0203236983663261,0.0176545122357579,0.0708020270682927,0.0263439551576647,0.012142724806171,0.00347145756265534,0.00242307123731725,0.00313036680623803,0.0646572443014836,0.022128033482617,0.0197816793827795,0.161236755073436,0.00443541332854949,0.00725498729478414,0.00342122792118827,0.0137532842206628,0.0845722966240755,0.00476761070828271,0.00602258430410487,0.0364350326888592,0.0227317755612234,2.15967883772014e-14,0.0420787959200698,0.00168648908465618,0.00343067423085752,0.030193739928108,0.00427682236874619,0.00937941901053696,0.0128655001022379
C>T,GCA,0.0173636052325818,0.0123264893731124,0.00536363211332376,0.0422570707345922,0.00846926485923863,0.00396165608653769,0.0173966955301279,0.00663534528749106,0.00447923479038003,0.011892319348848,0.038786454180314,0.0100862330113846,0.00980618716163935,0.00684758744481858,0.016658004860893,0.0168939272364809,0.0103505705920622,0.00317328595292644,0.00276090527487777,0.00852986359292973,0.00832367753178042,0.0173038714773409,0.0102775523476018,0.0425475493155058,0.00451840865174057,0.00334347729664346,0.00049004441065503,0.00742877450739728,0.0242041653241763,0.0122585603594592,9.87483116201862e-09,0.0166482625688899,0.00486234155217761,0.0197459149157844,0.0155821238061568,0.00552736224137571,0.0166964418093711,0.0132083965075484,0.0402046609024968,0.0149972908458869,0.0135937581011317
C>T,GCC,0.0188875738997646,0.0118961961581626,0.00420552648594463,0.0535047340480323,0.00443942058046847,0.00958480109629115,0.0151074978286905,0.00366394179497213,0.00382254349914092,0.00698539536406738,0.0383213222194267,0.00570856910468154,0.00991734437013724,0.00401304588673447,0.0169099591799989,0.0146804696132454,0.0102188688800177,0.0043551275910781,0.0118626061192481,0.00682781906901078,0.0128694740740297,0.0143720463584199,0.00791015635789285,0.0471108079803383,0.00129823619890663,8.48296611421169e-16,0.0116501306621406,0.00356432001166307,0.095229143822469,0.00959718924993533,0.00870955771443911,0.0191075900798773,0.00873815001737314,3.74532180709336e-05,0.0113382859917711,0.00719059595916749,0.00905390353383774,0.00662922316236237,0.0274346026362443,0.0249394328875862,0.00519200800001417
C>T,GCG,0.108039171578347,0.02792091668717,0.00829232089145594,0.0524535332383565,0.00931657530225709,0.020905372029013,0.00734417197564987,0.00266092529819149,0.00688013103002028,0.00660409274888455,0.0112389872478105,0.00787852623124498,0.00409525602111147,0.0115323514632043,0.00676380207846465,0.019732181404567,0.023329057317597,0.00172366182379264,0.0153147112965422,0.0115869321119011,0.00277488947037971,0.0415584797847139,0.00157534171087552,0.0170026324094305,0.0111421182647196,3.71097944198266e-22,0.0163595289516414,0.0142461325422144,0.00454657845836736,0.024450110893972,2.41209832452247e-06,0.0373154924261844,0.0241135422982718,0.0310650290968305,0.0398892820748337,0.00824925769649623,0.00364705407380772,9.62802878643737e-07,0.000200528833162816,0.00355781745399494,0.000528867853895617
C>T,GCT,0.017716084516679,0.0131070663481396,0.00441237830951393,0.0388364819141108,0.00776043747162463,0.00690970626222186,0.0155581387984804,0.00993266542799583,0.00330867138959986,0.00968459733899335,0.0423091892823183,0.00920784402677809,0.00978173339465158,0.00915469127502606,0.0137144141648488,0.0148783385061157,0.00950408215156477,0.00314686803358554,0.0144524172835231,0.0039848265537344,0.0181466487514866,0.0145989748256152,0.0144986181021574,0.0808791579401374,0.00300014775190567,1.18135833968312e-21,0.0158486814467008,0.00443999758154781,0.0637460572421304,0.00676410467045205,0.0151872015937759,0.0243772663616478,0.0109716824937092,0.00101014995551032,0.0112746936020135,1.63611564951737e-05,0.0158783395624362,0.0126311070053939,0.006770847197076,0.0153970505437921,0.00881648690746918
C>T,TCA,0.0155842134613713,0.0135682633720596,0.0117773148549593,0.0103658683370255,0.264106839647294,0.00777978192771738,0.013754556835565,0.0149707577466199,0.155038110490988,0.00244490493449655,0.0293992663206207,0.0339538671808731,0.00923303610226756,0.00802057919593346,0.0138912315381438,0.152294792870401,0.0308843901853115,0.00379736688094481,0.00384995564833811,0.00706261353332864,0.137070423133038,0.0779035846738829,0.0017712075367598,0.0267244572570648,0.017405104050741,1.80300703539778e-05,0.0212061107536444,0.00857115783182483,0.029005067867178,0.0199273750348875,1.18272396630267e-09,0.0190398694830875,0.0402014133665694,0.0290951261807143,0.0159141805108232,0.0181014614038969,0.0286587569447081,0.0117642562585275,0.0515700925746392,0.00996049955651528,0.0258471416833781
C>T,TCC,0.018535077772689,0.0187033257356721,0.00906333085752416,0.013640555331637,0.0630302807296315,0.00701299544662457,0.0181320133126905,0.00966961899345598,0.0276605687681911,0.0109273819914104,0.0492691747675215,0.0130489672795476,0.0120152132727931,0.00993028521808048,0.0284417986843949,0.0825103354133796,0.0161142813549093,0.00339374840107557,0.0117126266743638,0.00678311793934575,0.205298919706083,0.0393134765700808,0.0104782297535149,0.0115891125499349,0.00866548859906432,0.00362258246655501,0.00908092757851256,0.00740716622858624,0.153536588855213,0.0176411526494729,0.0139631698567846,0.0135690182177389,0.0530941903215891,0.012215323523779,0.00506801268221157,0.0200502268581444,0.00674697241186346,0.0147918449532619,0.0400568760597693,0.0131745278034087,0.00795405906238279
C>T,TCG,0.0608084336665906,0.0178468387373504,0.00495859194416137,0.0126366129284536,0.0324463843708575,0.00557165115612098,0.00524587520248466,0.00364770712853698,0.0173711347531336,0.00512394440840534,0.00764208459818093,0.00585325942498115,0.00166521105402396,0.00709270447518634,0.00697827165859819,0.0214356290076364,0.0151962275841556,8.48187157766643e-05,0.0606292010471617,0.000591003653814251,0.0480301051120905,0.0216171126387154,0.000417770649243312,0.00601534265244605,0.00945559271908451,3.06783102039558e-07,0.000212250657281944,0.0113818216306121,0.00355715702313696,0.016109765854583,0.00698474203337978,0.02157744820183,0.0368116490017121,0.032315754812273,0.0160086711920941,0.0108046241612284,0.00609729955694427,0.00826445020788923,0.000702683239072675,0.00500882171492851,0.000117063355458922
C>T,TCT,0.0179997324418161,0.0184579582634498,0.0117001913004642,0.0133014682592992,0.151893953344173,0.00681736672085898,0.0178042602515104,0.0177454618000958,0.0644616854885862,0.00921791892606698,0.0320327740039903,0.0290647282676094,0.0132427665912839,0.0213677657235083,0.0168761912856418,0.126816633818378,0.0255058039906259,0.00226992040790636,0.0314895499693671,0.0110871573240321,0.104862979728735,0.0572641534681847,0.0175823185836456,0.0305529910447094,0.0123616312118695,0.00311665192047527,0.0117826295092009,0.00449501677353906,0.122219487951965,0.0205325642556068,0.0455216864356651,0.0207473772886311,0.0240304375158742,0.0185645958099636,0.0459888689690714,0.00617876610180036,0.0341289154703201,0.0205310872046073,0.0344454613583262,0.00621769109196675,0.00887528187705136
T>A,ATA,0.00629506885984928,0.00695014392441565,0.00292613969051221,0.0131565280733691,0.0029507404256969,0.0139282966576913,0.0143335842851535,0.0147350040639846,0.0021315123615703,0.00429650730295451,0.00578386179536252,0.00662877095706674,0.00888545292962331,0.0408095333312228,0.00430169618132825,0.00600513554826708,0.0101374712887091,0.058637060926994,0.000835786096024906,0.0046345861920361,0.00417209714084676,0.00331208240939466,0.0135265949541769,0.00401704475885615,0.0121138759031487,0.012835288567349,0.000135320967018885,0.0081701386976946,0.00053481268631484,0.0048787092688846,0.0514296009493821,0.0141841225565028,0.0163664123486387,0.0265204623183712,0.0300861579128089,3.17228437193759e-07,0.0318465645934863,0.00291471478808484,0.0191090200038527,0.00334344237213843,0.0102359200592781
T>A,ATC,0.00725688361140931,0.00447338158241528,0.00250236625861684,0.0133440902803142,0.00202635083392611,0.00408660295258647,0.00791288904847888,0.011821800597261,0.00137425453580953,0.00397176782308184,0.00644811914232206,0.00451798197395783,0.00371742271815914,0.0132930753172434,0.00624272567945869,0.00315788845793261,0.00249224733866567,0.00921313832086675,0.000387959051408337,0.00305217936757724,0.00432118485566935,0.00462074322973813,0.00659107029219967,0.00363039453393172,0.0076431989899819,0.003048438799257,0.0166005380394197,0.00221374181807042,0.000122574779005828,0.00247805526575812,0.0101497733938886,0.00829157507596034,0.00568471832213893,0.0137453693707843,2.76797125289122e-17,0.00396340889874465,0.0079274486245659,0.00923045713485056,0.00485732033950087,0.00417133397064317,0.00660099138528035
T>A,ATG,0.00561200112430716,0.00479231550922469,0.00185000651002993,0.00160510043734392,0.00235546993151804,0.00427386230571867,0.0131997203643817,0.016334712833254,0.00158467052897652,0.00700761297101223,0.0087150771629492,0.0076729868325916,0.0085211805788172,0.0199062558494733,0.00351989814047757,0.00519705198159248,0.00530313807840374,0.0518204807783572,0.000134707592267857,0.000216724774963765,0.00284565804019233,0.00406999693503594,0.00870727679794168,0.00458007901559493,0.00784068712781304,0.00898309023567874,0.00183488818316327,0.00416108923738905,0.000184455898068589,0.00592511018056699,0.0416632323852373,0.00924425494627972,0.00306098914098168,0.00990729941396992,0.0126027938992278,0.0211721681952673,0.00442243067892861,0.0144914249084084,0.0017137640838733,0.00247907703653818,0.0103927214101441
T>A,ATT,0.0133347567828884,0.0194455854447673,0.00700309678849077,0.019730305833288,0.00368478391420372,0.0223897963889237,0.0111865784253101,0.0184538636157115,0.00312685207025662,0.00492522908101064,0.00712877260298288,0.00836253080284928,0.00753445270136647,0.0445484140644074,0.00485771091032547,0.0139551351327066,0.00716378548191897,0.0171476531037345,0.00577960062808128,0.02213585494935,0.0096831276007221,0.011703699916405,0.0104737266199918,0.00154457128497695,0.0174975423552296,0.0152656240124431,0.00600664872442922,0.00645903129338287,0.000621747769722827,0.0051522443536228,0.0143053200996444,0.0133129233020215,0.00735534888654333,0.0263459508167661,0.00379014556505173,0.00010553035876977,0.0108753413842926,0.0209373049323077,0.00844759048531139,0.00266981561381523,0.014212560218133
T>A,CTA,0.00165299121335385,0.00306329528266275,0.00222415819864133,0.00167594148230535,0.00157322115373666,0.00379918648713316,0.00651387418070205,0.014887613228206,0.000998625189079908,0.00900553274130158,0.003076998579428,0.00569244249449651,0.00913248983829807,0.0136435518210676,0.0265014869825454,0.00208658491293164,0.00875705034645039,0.10053243678596,0.000221524961653377,0.00344321110387191,0.00302848490147402,0.00230060389995498,0.00461223812616149,0.00378371964819424,0.0128773678640818,0.00592653625752659,0.000901299088348882,0.0016662544441572,0.000379846185157529,8.54393679989727e-05,0.00676908492874285,0.00566441289095812,0.0037852437821846,0.00280783804082051,8.65620239359946e-05,7.99296583354627e-08,0.015794571910356,0.00771324360739233,0.00611617035214783,0.0045753981334401,2.29320380141549e-06
T>A,CTC,0.00235792399529752,0.00355485107719956,0.00994722289863324,0.00393658384310964,0.00186414685343491,0.00498276204091397,0.00634147024946653,0.0198362159522364,0.00106198650123451,0.00996707028280725,0.00414925971120556,0.00758973558384617,0.00864750970793212,0.012290520005727,0.0206431948503111,0.0020977553964362,0.00583732168811361,0.0473154557010906,0.000447550682242477,0.00160886505230866,0.00399296208165398,0.00517670942269105,0.00571853526932361,0.00445373769125938,0.00686663429879323,2.01952950185269e-21,0.00377198148511848,0.00103649739104327,0.000192105328317003,0.000999382848373793,0.00267628547544684,0.00580234791896712,0.00268112666822321,0.0047614813776335,0.00302107298788766,0.0058199674952187,0.0135174414288294,3.97655410901492e-05,0.000774247823028616,0.00329397363963071,0.00877209696154424
T>A,CTG,0.00215915756873318,0.00293293061420105,0.00457054798126624,0.00176651579530629,0.00225811899255514,0.00424951116138688,0.0109668140803275,0.0206368371387633,0.00118120851123933,0.0110047217700531,0.00392645740160927,0.00799090737056996,0.0159758705298291,0.0089865736291994,0.0272141051912652,0.0026924542449666,0.00778500538334114,0.144179956705204,0.000294515518218304,0.00140662310987329,0.00242943014124482,0.00489785716981952,0.00262209022059606,0.00130972073351959,0.00606100365166985,0.00841876926295116,0.000120074366397131,0.00390589770223248,0.000215693467926332,0.0031120593471874,0.0055364169935231,1.40690776171896e-11,0.006730527826143,0.00427264389440772,0.00614185094772999,0.0172915570709856,0.0106384738281495,0.00944503764665794,7.53388437818964e-06,0.0120490418951948,0.00587889338547307
T>A,CTT,0.00310610011967511,0.00712654775914529,0.023147854256906,0.00182107326712336,0.00274703898320628,0.00435494566277754,0.0081988246960879,0.0318751206046431,0.00179881943373688,0.0158230273447511,0.00510833344312492,0.0122823447780228,0.00931710584278217,0.0212003010344694,0.0373760520558629,0.00245074748317034,0.00701209422056796,0.0440419668515216,0.00115204046023086,0.000300150399143603,0.00317307103611691,0.00918652370480907,0.00623579207547915,0.00480268900006905,0.0227674226247644,9.6342325811969e-18,0.000500330499711564,0.00241195228842213,0.000517825403900267,0.00183625829765972,0.00581607563956494,0.00393515147210901,0.00806082981615243,0.00473204514240982,1.30319965702018e-20,0.00167773838195263,0.00562399100620756,0.0144974487519312,0.00192891034855006,0.0094196363207437,0.00545296087399512
T>A,GTA,0.00160036106864358,0.00264831310409584,0.00144940875946146,0.00259568450443728,0.0010460918331512,0.00414144697947076,0.00621097136855234,0.0103145900465446,0.000621601184094397,0.0055400947055577,0.00167015960557638,0.00301753939116951,0.00642375503479399,0.0132952962191769,0.00247633794646958,0.00254702772826601,0.00469164455702676,0.0425471856032749,0.000128693533678041,0.00250459709302354,0.00049016133341436,0.00142415036148166,0.00153584495097312,0.00192316434765918,0.00590084941852047,0.00286672425044039,4.02261679750057e-05,0.00124417479216157,4.0608803732168e-05,0.0006895182220151,0.00808970067515067,0.00253493502066855,0.00365045069870225,0.00833528704185054,0.00566361281755134,0.00538319289875403,0.00344101081721888,0.0111133255215141,0.00392198884535879,0.00220336133686517,0.00424193810046518
T>A,GTC,0.00243366802070911,0.00210104786122424,0.00293900964466708,0.00666454615661139,0.00104454627950814,0.00287496471035238,0.0038544380502195,0.00711305094453078,0.000692518358081385,0.00406039057596309,0.00339203051668289,0.00191030042532227,0.00299822506305213,0.00851216277880812,0.00484329132731316,0.000796696017097758,0.0012053025977424,0.00986729848109733,0.000248464579527289,0.000170563135049505,0.00215317621324697,0.00155382170195831,0.00250168094932597,0.000241703179318333,0.00510399106831865,3.71097944198266e-22,0.008719632780735,0.000740477820627951,0.00028986461691587,1.58485880934141e-21,0.00117200013369105,0.00299944899996945,0.0048983150324684,0.00634653164988499,0.00872954392222317,0.00272295277779696,0.00483763697487409,0.00586233749939661,0.00355234745079594,0.000953471576395279,0.00522545849683066
T>A,GTG,0.00197360665993611,0.00278267249861006,0.00187359237860673,0.00248044120488528,0.00120985175875325,0.00429735722778019,0.00660500745164753,0.0106183709841969,0.000856857889403798,0.00710109707236199,0.00410899061498227,0.00496935319599177,0.00776910205758949,0.00699943447873827,0.00384636058573316,0.00206816433620248,0.00471007910810162,0.033257099716139,4.401466955015e-05,0.000559074554594525,0.00179724917612957,0.00247971148666509,0.00337280906459417,0.00194414605973509,0.00493155158469085,0.000496744804839984,2.65075572655115e-07,0.00717471432566426,0.000205585880288591,0.00231873838577872,0.00601637589506011,0.0028966769973865,0.00219753564387049,0.00435650302738286,0.0115449326831505,0.0144759318420356,0.0113232247117831,0.0083306919543064,0.00338165056837714,0.00412130971284649,0.00533944705942549
T>A,GTT,0.00229337032922519,0.00494718920148119,0.00599587707462755,0.00348252043869866,0.00220626438672803,0.00335183189186403,0.00501490196966882,0.0188512677402615,0.000907568847942402,0.00932638469581042,0.00394961558412748,0.00735260156263594,0.00577174239558587,0.0110119647712426,0.00258814467178877,0.00286521137585275,0.00410519780671531,0.00941853825530865,0.000734176075487985,0.0028638366569149,0.00255018183263082,0.00474468731781363,0.00156258991038242,0.00178397284177046,0.00640762046244011,0.00327767983004981,0.00171208354291516,0.00126819243872359,0.000341797730648244,0.00209051449146847,0.0120516492011641,0.00479639358762634,0.00478868255783808,0.00189330151256573,7.52725503185919e-05,0.00567445101548486,0.00318139156026415,0.0139784468788745,0.00218682840102815,0.000120645159922592,0.00511810304943998
T>A,TTA,0.00985233122246495,0.0148783777885816,0.00498447029533569,0.00925284174559694,0.00256128487538101,0.0133364855037995,0.0102901289049156,0.0118852617194388,0.00297897296588906,0.0111927029716332,0.00178359275425927,0.00782073270350851,0.00754689980564829,0.0400780604794459,0.0042945184081505,0.0123817054304827,0.0084349277693644,0.0715466229600317,0.00182104462461068,0.0160315042368117,0.00662833123498734,0.0141707445828989,0.00958705021314836,0.00550573657759332,0.0291000094724492,0.0273936405756962,0.0086324127003857,0.0017305195255757,0.000308837004699068,0.00246845525115629,0.00874486463879752,0.0225090837908051,5.67537008966892e-12,0.0206988418351963,0.00337594781614003,0.00197077318151785,0.00804803806826885,0.00762977135854311,0.0155077203376404,0.00509569179322648,0.0161162297312575
T>A,TTC,0.00256873391707298,0.0049199986421047,0.00392849408941899,0.00339544419826345,0.00146430613245142,0.00506487684052627,0.00680958741655415,0.0129345486029733,0.000872270101718281,0.00793060194150235,0.00413031023837704,0.00388133435209492,0.00471759803899499,0.0119413203616746,0.0050180388627434,0.00361333619876393,0.00424870474106028,0.0183040375054451,0.000777737501445462,0.00270081118033932,0.0031273154940939,0.00136620208584309,0.00476389396692632,0.00287968461367556,0.00934860628401416,0.0026517945111645,0.00264150126403036,0.000464732718682567,0.000159718509357602,0.00368898459655163,0.00252394375347469,0.00895525752797736,0.00455263445052135,0.00629265041297426,0.00274260069056739,0.00246988877168646,0.00753533248106172,0.00285478964838184,0.00504674674248565,0.00559152394732218,0.023310835624924
T>A,TTG,0.00152661742389755,0.00300631251420937,0.00237593506566801,0.00127874621663195,0.00146734690397521,0.00401961493053842,0.00718354348499075,0.00946583791850206,0.00108423588958953,0.00606716855534259,0.00514260726347105,0.00411270924586908,0.00715524898787977,0.00943218695277936,0.00284508250074024,0.00150766511933818,0.00423901260633423,0.0554233848698715,0.000861246763178855,0.00262443607138688,0.00217174939586505,0.00288422500930225,0.00422548937868247,0.00351499380880623,0.00971489524968384,0.0355204775065776,7.32585877436682e-20,0.00232947459065874,0.000270000110584562,1.58485880934141e-21,0.00471313912413196,0.00995926083391314,0.00674883297704277,0.00436317894515926,1.30319965702018e-20,0.015348313028564,0.0260252490031613,0.00192653807964605,0.00502522208345083,0.00385638131070187,0.0100619981695488
T>A,TTT,0.00614659033761751,0.0139561837102088,0.012916968644009,0.00580115216180282,0.00308345172728241,0.0107291614194564,0.0129039997099938,0.0303664961236699,0.00217357718077036,0.0148238494491351,0.00714790621665822,0.0113448747533405,0.0090681722967324,0.0326219734624482,0.00679585674827999,0.00784912336194104,0.0071318511458328,0.0278028077741698,0.00687036515230637,0.00729874979449727,0.00735672869835797,0.00969214279901091,0.00260704187311773,0.00611077120839004,0.0318362060354447,0.0167868548685161,0.00112457185981353,0.0051426710380668,0.00083042678312814,0.00110412512831134,0.00292326613464034,0.0225860988014388,0.0122061624662858,0.0153499765890827,0.0100138848463618,0.0091682325838818,0.00959898217695964,0.00746769841718147,0.00644444072049524,0.0021137419853308,0.0480986475469068
T>C,ATA,0.017207031740552,0.0114112170377955,0.00870626064410315,0.0279563011369904,0.00551820111200657,0.0562682251860321,0.0570938172920716,0.0118614356190481,0.00373641650647009,0.0116536822259858,0.0199694958611963,0.0185955723454961,0.0162947555065605,0.0339198025295827,0.0123945940205162,0.00640214928767638,0.0212501641475197,0.0247442565321366,0.00738121777816959,0.00902793194232837,0.0033667104625472,0.00527014601107093,0.147954718214396,0.0265443540393312,0.0306631119379695,0.029067219331296,0.0141998327452434,0.0194233798850192,0.000220393767259747,0.00824836913593675,0.0176912341955759,0.0186863187615661,0.0152699353967212,0.0365414945041762,0.0432555221002622,0.0430196946150486,0.044632722290334,0.033961606784714,0.0525293670572768,0.0151042812267502,0.0233201035991221
T>C,ATC,0.00600958758928595,0.00474494715754733,0.00527455047103407,0.0105723185958714,0.00242113731397829,0.0242191409142978,0.0113615911874052,0.00608157133062031,0.00130277606088819,0.0107662061934595,0.00663071614883832,0.00745299981275963,0.00163862825151356,0.00992008167379617,0.00351230255314697,0.00346280677978095,0.00389718638272934,0.000808746037577509,0.00436895235298746,0.00276409234959194,0.00158088433238357,0.00462579499372408,0.0114068292312741,0.00386325421100565,0.00375851247587487,0.00962096507213795,0.0155726853441189,0.0088727572552333,0.000733868930574448,0.0033832179983572,0.00675131073852294,0.00688401825852407,0.00668681227502474,0.00774068501221035,0.00805337128518181,0.0129169825122914,0.0246160514402907,0.0306112378213567,0.0047688778774354,0.00149620557910797,0.00546764972280403
T>C,ATG,0.00926918563983305,0.00575672841627045,0.00513830092753206,0.0241874112784977,0.0037008849463397,0.0405759356469956,0.0341458070101532,0.00784926123832953,0.00251586347834178,0.0104902097759391,0.0163563977716483,0.0138412715696818,0.00675842051800463,0.0123505857208926,0.00704545564486278,0.00347962268355973,0.0389565940298488,0.007658193942435,0.00331688205687577,0.00585406247108987,0.00151438077843679,0.00399389186099867,0.043026917843868,0.0190796842988585,0.00527918929645321,0.0197649244689436,0.0147188981411374,0.0104228509017322,7.52587796008798e-17,0.00721053464687182,0.00569101411583741,0.0143357254180559,0.0118469034571649,0.00399160423025292,0.0169625708921943,0.0883378911759137,0.0190818635739853,0.0025489155245955,0.0128570325099223,0.00020997463562905,0.0159632546575248
T>C,ATT,0.0173831709788401,0.0126722552216455,0.010246787168503,0.0126322893777146,0.00551992069545132,0.0315767895761293,0.0367548664203056,0.0155786612258095,0.00468201482130332,0.019428699195801,0.0203675514403596,0.0173964063105884,0.00945250239919071,0.033719284908716,0.0108801510470262,0.00961159174643296,0.0103232769084505,0.0034113197458469,0.00696482051166184,0.00706176406438352,0.00329163648130212,0.00666594863272351,0.0797020329118771,0.0150798463191343,0.0100263316673231,0.0241565241036437,0.0155025765215033,0.0218591507319383,0.000998490536583411,0.00746264726563299,0.00723751483790357,0.0150789961352339,0.018493193313826,0.0191234344647687,0.028569643647273,0.040213916712283,0.0396841318061287,0.0222554429024912,0.0132420523014952,0.00599084615447511,0.0246552015364727
T>C,CTA,0.00444130856431763,0.00435620827421362,0.00932873413172261,0.0194732283679644,0.000961217076354734,0.0324813927570856,0.0161186509025276,0.00576832377448364,0.00157731370949927,0.0107847807580264,0.00733403401091956,0.00561630734791116,0.00750061419710852,0.00820855153268412,0.00833350064064469,0.0056056449515089,0.0127414272266682,0.00671577713195962,0.00110553812952719,0.00254548297221109,0.00300512797152314,0.00329743607570133,0.0183795659750345,0.00323017788096519,0.0285396385144411,0.0141295595005379,0.00511468070069734,0.0129357620554199,0.000371924532972674,0.00227644448396638,2.98060651943393e-13,0.00531954086123228,0.00790375110322369,0.006487967708242,0.0098212688558551,0.0136100417988214,0.0351384350895998,0.0262119621925311,0.0189236911581248,0.00648211675449745,0.017274864457851
T>C,CTC,0.00477117870174324,0.00520098337102729,0.0298520786262196,0.0102395453462414,0.00170845521259093,0.0285162061826061,0.0084226525744822,0.0123517087237497,0.00194791644669466,0.0141176440266743,0.00709348831212875,0.0102006878109275,0.00522865540042447,0.00726002218469514,0.00721936563344238,0.00548862083908757,0.0163151614633662,0.00301634866077568,0.00171299188334449,0.00118621262605489,0.00120804162848996,0.00685763302419105,0.0065572296558998,0.00225680530034841,0.00638901450589515,0.00697150610665975,0.0112325168371846,0.00633516456744552,0.000668115487879676,0.00103729486688586,0.0332990032997327,0.00622655577951058,0.00821500230884786,0.0112286416302082,0.0215734167696727,0.00772354722080148,0.0367047943794795,0.00840873785101313,0.00199093982949638,0.00276959624322096,0.00437542134995968
T>C,CTG,0.00475538954288748,0.00426054849934037,0.0213100016271518,0.0257985224752907,0.00185009574375626,0.0383582143074273,0.0130375451702375,0.00490809630306336,0.000910790207290711,0.00905675205400995,0.00827323622855615,0.00563334362541781,0.00600152341349811,0.00185545194431953,0.0091964736316585,0.00308128384932569,0.0188036686762854,0.0030480934347854,0.0012841933235839,0.000463299671208328,0.00250058017998731,0.00453295322465363,0.00979536737712017,0.0058631749291367,0.000722089924732195,0.0147353802513791,0.00943855398098037,0.00422231264717374,2.51112731626934e-20,0.00633492069605501,0.00109717334042992,0.00822460507063243,0.00627500973174061,0.00854318294990884,0.0117320497000038,0.0351115905227208,0.00288118370902461,0.00219278592238839,0.00972593815001738,0.00175656120473978,0.00857115102443664
T>C,CTT,0.00582130306950983,0.00711603082876589,0.0771759439974361,0.0149364105311935,0.00235703459544894,0.0326703165482182,0.0112581837825747,0.010469901718064,0.0025107597903802,0.0139673441901504,0.00682923593709042,0.0114549451570374,0.0062427178013017,0.0140393073672317,0.0170438534565721,0.00558856443648182,0.0059509030438607,0.00123129916390001,0.00239737653739052,0.00149392638664479,0.007849614559562,0.017536761932592,0.0198275322850385,0.00647902304387588,0.00845865573676883,0.0125825008834397,0.00340058497916242,0.0118698191136122,0.000365430498250738,0.00434423556073344,0.00427223498705046,0.0101375910507206,0.0163375538550839,0.00924123688479254,0.0128576897866077,0.00449853739047255,0.0128318721745261,0.040031861917621,0.00665304725749757,0.00780409897855397,0.00376933560486216
T>C,GTA,0.00874619395416572,0.00525478842645193,0.00443578063875183,0.0410768732229334,0.00148837262778704,0.0478019631149692,0.0216508368696189,0.00401027617197627,0.00234346087700352,0.00449498207632154,0.00443013770848943,0.00567698761751596,0.00469362015916244,0.0147785456484237,0.0032372841058234,0.00252554304286814,0.0120643563750865,0.00418978931939233,0.00911394827948761,0.005674277423799,0.00190257075437082,0.00653735079285454,0.010223921551424,0.00656045725572555,0.0147211319382133,0.00561313643260502,0.0120922242964556,0.0109466420083811,0.00148575994043267,0.00457363664469496,2.23868222573752e-10,0.00822166925967222,0.0171426215069887,0.0196126172611984,0.000454532244740362,0.00757603577278166,0.00626731865418526,0.0249518823652844,0.0613696716581038,0.00483758800165143,0.0120291627923852
T>C,GTC,0.00695224328650485,0.00321719820514018,0.00682026506821033,0.0147198590134389,0.00140810126402424,0.0227522939985026,0.00935473050640853,0.00373039548945562,0.00207276377995084,0.00639879984400646,0.00330213944219947,0.00574216447933068,0.00100453497136267,0.0122256772026497,0.00807200207805807,0.00381988232422993,0.00349087313401873,0.00207278403841291,0.00849232386517767,0.00399180122960684,0.000263899129994446,0.00497037793620696,0.00278638591755426,0.00185914363196653,0.00376772448456781,0.00249874231348907,0.039764949743428,0.00804777908802076,0.000867442702173242,0.000239729169706922,0.00158214886719412,0.00337103159117857,0.00861690775578184,0.0131896158724568,0.000521921810924143,0.00269733406619288,0.0151530767864556,0.0130085819551589,0.00814506409021741,0.00557640736023418,0.00325549059515594
T>C,GTG,0.00577714139669616,0.00223852564765727,0.00596746288603455,0.0268918439301907,0.00164515594185657,0.0338812668692924,0.0112277261007536,0.00419823982242082,0.00135068800999332,0.00492275946575217,0.00539371604691231,0.0069984666533241,0.0029452366176112,0.00613631124619533,0.00199715667720543,0.00114426070734582,0.0709256811190875,0.00214155363500055,0.00366462371819144,0.00209621065644821,0.00050702164559711,0.00270329986306157,0.00648733843256406,0.00476870252908245,0.000633750635228582,0.00637034764713619,0.019476245129432,0.00266788685635603,0.000446973219469134,0.00403031881191334,0.00391268333178725,0.00233761571634543,0.00546665521989071,0.0122761356538852,0.00545041284276804,0.027548216337167,0.00400796091749666,0.00118207660471534,0.0105119392317535,6.39097640456734e-09,0.00837437753384123
T>C,GTT,0.00951328651619438,0.00644377975653872,0.0111695773676765,0.0250998210489386,0.00331120598053942,0.0331798580258505,0.0193620989001908,0.00628981089987057,0.0026322555326615,0.00919906006025293,0.00838386427638364,0.00760000986435541,0.00356289618872847,0.0256355021326043,0.00452260725870525,0.00382426910026316,0.00665624453654072,0.00122205228660189,0.014179736491685,0.00623762734684283,0.0142129599685962,0.00402454216610124,0.00668324939671151,0.0143234706874284,0.00500793596432767,0.000199363617143507,0.0167878006180635,0.0127007219188885,0.000961470322713918,0.011142862200042,0.00524239883708241,0.00427636663295687,0.0695910655984144,0.0178207797400191,0.0112253436307084,0.0124682349086283,0.0203217580105961,0.0265699740362949,0.0338108513724751,0.00528793366562783,0.00611328757464118
T>C,TTA,0.00731348614314215,0.00704662701070137,0.00884484404763027,0.0293500723829041,0.00296196817131902,0.0430849611987282,0.0260716856385238,0.00543339237057153,0.00246052437404632,0.0134905076537083,0.00625011152244445,0.00730145321582042,0.00657831110017544,0.019316804599616,0.00235801966013982,0.0052770420760819,0.0114066063263212,0.00857928584664766,0.00732266506385314,0.00472980478698887,0.00669481559762079,0.00242606095805412,0.025422526792306,0.00814585079230352,0.07642112853495,0.0166662156469838,0.0034759914222171,0.0132886458736269,0.000360270745702722,0.0078084560945544,3.39022200105989e-13,0.00784670527168609,0.0128842442066812,0.0216498144707162,0.0103541252133219,0.0151663393870853,0.0127499168704653,0.0365914083792003,0.0677792686974687,2.99920900911552e-05,0.0174111652697497
T>C,TTC,0.00675637904656951,0.00850937294553534,0.0102243419828431,0.0162077228215824,0.00183102864103237,0.0333550027167969,0.0106763452098021,0.00800294554506667,0.0017616173937313,0.0146648915695081,0.00371379995383761,0.00849419674065361,0.00188559521660544,0.0218505260872735,0.00224801910608914,0.00597446594655247,0.00626958040769567,0.000825610389619776,0.00780935341152536,0.00784630547047713,0.00145374995056435,0.00642640052348239,0.00399990344596082,0.00193410985738316,0.0106517713907432,0.00803238678653297,0.0422601346552857,0.00659644845893349,0.00054432072670832,0.00290755022894391,0.00489646235129051,0.00244246724404424,0.00993089495403962,0.0217401009454209,0.00860175230554273,1.8493012846091e-06,0.0129195934292529,0.0274597394196305,0.00778249780479763,0.00501358932927861,0.0069049349747132
T>C,TTG,0.00448203411329005,0.00333721140791658,0.00703746467633219,0.016429964410277,0.00115508847134234,0.0263159226321848,0.0116377829604262,0.00264567867609366,0.000837704834576663,0.00444672152031174,0.00368110877005984,0.0051976007034338,0.00292003804048584,0.00371950542481821,0.00330973997555876,0.00174767872042612,0.111641318850852,0.00483091009663108,0.00450695302894004,0.00350418974782925,0.0036343870118869,0.00095712947726723,0.00791072644319703,0.006552553466783,0.0126118394235021,0.010174740587898,0.00800214772460795,9.89687713615626e-05,0.000328625621773295,0.00612718260500912,0.00234068490890024,0.00607719246478002,0.0033006834996123,0.00872220930081824,0.00255107624659447,0.027716810155431,6.8513641505862e-13,0.00122239769984303,0.0155737915445132,0.000401259650469738,0.00862670206119967
T>C,TTT,0.0116128468431478,0.010745461707637,0.0159383371194594,0.0264387950586977,0.00364066651149108,0.0465701374781654,0.0197710463989643,0.00763933793015902,0.00173732895539655,0.0135018146491879,0.00585530550088079,0.00996142117893788,0.00509889795921234,0.0340397591389401,0.00520921719373797,0.00846675296432966,0.00892061018312081,0.000939309026661473,0.0119373171791698,0.00820496788653686,0.00647841192481636,0.012243488026256,0.011026901702794,0.012483356617848,0.0170484402317592,0.0291670704420873,0.00734130297373024,0.00749004248995564,0.000612883975369104,0.00512116394448826,0.0150293478948411,0.00790070786629564,0.01943064191245,0.0221555153601977,0.0206763226644234,0.00022647685080769,0.0372354231053525,0.030557673708354,0.0299176199259616,0.00527177975087047,0.0121060784607628
T>G,ATA,0.00243046794186066,0.00294319780635948,0.00466590928563024,0.00108564193685262,0.00126184417230605,0.00655368191954943,0.00485847376521561,0.00418760041063889,0.00107034394932159,0.00648022696041228,0.00345994674509254,0.00677188648990988,0.00262487713103001,0.0188435783818108,0.00269418798643243,0.003234398928935,0.00239016197184969,0.0048405941510379,0.00436325516298693,0.00320191547685987,0.000607228678249965,0.00144254744646187,0.0102926729564109,0.00589470255565388,0.0228935953064257,0.078046946453129,0.00993728261376128,0.00562023311236882,0.000163707750522554,0.000167169212289961,0.0109399041913513,0.0154777379038361,0.00739407352337591,0.00453314025879293,1.99425153248813e-14,0.000145750843119237,0.0120070801293733,0.0178030962590302,0.0103457163119982,0.00457842634269193,0.0147813315766375
T>G,ATC,0.00144109923334266,0.00155190638044541,0.00517841498513769,0.00143307342608397,0.000801001070983183,0.00399174303268003,0.00238679514248376,0.000922883342262925,0.000283176808173261,0.00273937270591292,0.00177080925253034,0.00216090295343633,0.000722598063435793,0.0043758008021978,0.0018597904626318,0.000431710096276911,0.00133412802558298,0.000279994614668947,0.00356718560432039,0.00127242136519844,0.000351631320401827,0.000825513011050324,0.0024693816366831,0.00218538313109817,0.00186330892209802,0.00698609850401139,0.00436405191155207,0.00216085940939918,8.38224421332237e-23,0.000743583266478379,0.00473324470748068,0.0057220540375494,0.00311922305184805,0.00126909809362746,1.30319965702018e-20,0.0024120817609555,0.00612237192786966,0.00574236878169008,0.00165977980171619,0.00237487396702535,0.0187020762146729
T>G,ATG,0.00230930197559406,0.00302476395949372,0.00319671410733871,0.00106027310587434,0.00110306190982466,0.00298050459941439,0.00404448499228181,0.00604487545281562,0.000989243514831405,0.0094934590131438,0.00360816118561299,0.0063783551856931,0.00190915269464641,0.00413669202442942,0.00375714401286882,0.00212685145563308,0.00280072561974502,0.00357183194413406,0.00177981346100782,3.83378783378903e-05,0.00335663372384682,0.00216345397435156,0.00390739868721101,0.00418048171556917,0.00536288968499011,0.00832309087982644,0.00644413599730599,0.00312753144611342,4.59487561815307e-05,0.00607776165970928,0.0174853033619023,0.00556785325910386,0.0328453082431052,0.010911819867457,0.0109459650759823,0.00496355165122958,0.00578219680336076,0.00945635672984819,1.15378603241844e-05,0.00520611820764934,0.0157305602662331
T>G,ATT,0.00324529891671522,0.0040622216441971,0.0425079255521891,0.00269383765440726,0.00096126438409962,0.00654915290553662,0.00492231993444405,0.00147382893508914,0.00114457323920118,0.00652612999721106,0.0056016098150851,0.0039455508550087,0.00141107481050436,0.00443812809233781,0.00328498167183253,0.010055709089132,0.00301384165659218,0.00175985260340829,0.0294658821929232,0.00254182283845695,0.00143170836624565,0.0105630199363674,0.00722425259446196,0.00117467894600924,0.00728746861838737,0.0214824327974385,0.0280490135714511,0.00829118421380151,0.000230821576846449,0.00258234356649691,0.00754186655387836,0.00199467394567879,0.00435311547287357,0.00554094155554673,0.00330773942187726,0.00285927272791318,0.0182863490850789,0.010765593868808,0.00757129956776323,0.0065302880489349,0.0436263234564678
T>G,CTA,0.00139697687474485,0.00148029473492142,0.00411991893277871,0.000850493253765731,0.000454218801806313,0.00392921314645845,0.00325329233699004,0.00182558819455228,0.000678303938837376,0.00642791107303105,0.00143986415474956,0.00491401219387373,0.000826387192309681,0.00550309305637646,0.00238106669878998,0.000365347644284049,0.00499615079482655,0.00399612570896123,0.00345754789087735,0.00035948583645374,0.00070172899420227,0.00258823268719472,0.00224999705698756,0.000952092224469902,0.0114320183103971,0.0410192290303268,0.0249961435033317,0.004311956422766,8.38224421332237e-23,1.58485880934141e-21,0.00504283846649304,0.0107178117443123,0.00376812754280046,0.00216910667807309,2.82142372955072e-05,0.00466980388055625,0.000621804019076921,0.000567121519436831,0.0013092529168376,0.000961568737230741,0.00721413833188328
T>G,CTC,0.00127719049793854,0.00105282589097762,0.0164170684348101,0.00391823169663124,0.000941348164174267,0.00541965592961541,0.00312191690912103,0.00281555033576517,0.000502787010700205,0.00568331374622402,0.00190939730787537,0.00350054040052211,0.000634587889820121,0.00297384176218731,0.0016704053615493,0.00168209658397283,0.00202198608240575,0.00108949085603887,0.00129442968902574,0.000740587572310138,0.000476744005867504,0.0023971649456743,0.00325040443472013,0.00138179445572231,0.00352844424624551,8.38048248473126e-05,0.0116288819141935,0.00157943913932713,4.71488980111418e-22,0.00124437613726241,1.16358695720752e-12,0.00399356191975789,0.00252735269873225,0.00174625753855565,1.30319965702018e-20,0.010393477571273,0.00339661360613044,0.00102662770256311,0.00320475344333602,0.000714253288091411,0.0123186477425833
T>G,CTG,0.00230464860176843,0.00192838176578154,0.00953724702190019,0.00481452921561321,0.00135119670571173,0.00717032908522286,0.00462345533418227,0.00674443173980381,0.000687320271963652,0.0109376671000755,0.00265174787561349,0.00735802342518337,0.00271814548025833,0.00338180201447305,0.00361873912873521,0.00254793770507028,0.00221434517625718,0.0101842511902338,0.0022785675553353,0.00102376348339193,0.00279762262828563,0.00296280177537301,0.00456163311934994,0.00144862363535914,0.00367315412843225,0.0165809913227617,0.0241648728110414,0.00185398611098215,8.38224421332237e-23,0.00268725019269561,0.0120437200443276,0.00190915185086267,0.0129643568697456,0.00710215220538424,0.00490515934766453,0.0108931187197088,0.0014853675298563,0.00116176890314473,4.9832432242191e-12,0.00166065857253977,0.00857563771316702
T>G,CTT,0.00438389763705831,0.00328826316483323,0.198848261242279,0.00445067757359748,0.00188811865953985,0.0040002551117516,0.00366283250299428,0.00322529317064548,0.000895392636154065,0.00765701120503467,0.000696637941029656,0.00135040531579042,0.000696798788271204,0.000838096341911953,0.00245427185885008,0.00293608902612944,0.0025468239240683,0.00118202438755329,0.0166752612636543,0.000561614393262733,0.00120463355252048,0.0458587743936529,0.00123727389760926,0.000870062465215857,0.0218562323073269,0.017875845440246,0.100252342512505,0.000286475988150485,0.000197928691275971,0.0034403133229443,3.48069569142985e-17,0.00215531760160744,0.000262679333849477,0.00382019870787498,0.00272266704953474,1.58466079386818e-08,0.0021244429753898,2.03029451752842e-08,0.00306580300531498,0.0119107021069943,6.35353096081034e-06
T>G,GTA,0.00114982762436006,0.00106119311208902,0.00154486031413099,0.000570162795940798,0.000213006768897098,0.00204082754380848,0.00168678547431337,0.00219160587237575,0.000273548036946393,0.00501903503491352,0.00144743577141088,0.00282820262593151,0.000844972503550631,0.00535976464003918,0.00143098722719145,0.0023731974805241,0.0016514200112775,0.00185873727310194,0.00102711459303247,0.000208097818039354,0.000619920781969488,0.00122258630753888,0.00207399561703129,0.000356730017155716,0.00451853126528873,0.00947219645627512,0.00787915331022121,0.00335174166140745,4.84098723827086e-05,0.000920226921800865,0.00594364623998028,0.00224594060086861,0.00583099579375628,0.00199402807644204,0.00687524798594483,0.00377327028871107,0.00193114122690169,0.0103987946539779,0.00221618857073121,0.000641648114492439,0.00309174548214025
T>G,GTC,0.00112138146088914,0.000749112943917384,0.0040555606221804,0.0013964707718392,0.000376792071835631,0.00228815522632243,0.00164033996787515,0.00148221959384411,0.000330144127052574,0.00295919278450467,0.000889265787596955,0.00168269357391366,0.000378984020508895,0.00201585001769782,0.0041692109095841,7.80665305658997e-05,0.0011681734001231,0.000529321388909694,0.00164892885510468,2.73161222163502e-05,0.00019902496065925,0.000807358363076779,0.001114265318567,0.000762651246186286,0.00196892234035163,0.00685457455352444,0.0120416043356314,0.00270394517614649,6.58038332001075e-05,0.00108206325623885,0.00507465160580788,0.00299938190145934,0.00129388233337398,0.000561925871091825,0.00320208280709691,0.00266674484487051,0.00141474198714086,0.00622545623444709,0.000688358973537484,0.000852506122875288,0.00372634825319392
T>G,GTG,0.00244479754151671,0.00221309361040408,0.00348253795879161,0.00151554736102769,0.000896388123756831,0.00302810506445883,0.00298539035340065,0.00588419745061,0.00108170021991956,0.00870346570942851,0.00265885731909692,0.00703963327340155,0.00235930005064499,0.000897117745166969,0.00467970538589671,0.00300924728796878,0.00976139436444782,0.00262223128556823,0.000858298755447049,0.000102934466771173,0.00361853838508979,0.00334118932245709,0.0023096755111055,0.0016177909281092,0.00234678524644952,0.00426779469025961,0.0163933791631452,0.00450017728927057,8.62236035952802e-05,0.00395176812833837,0.107789548854289,0.00875295648192563,0.0392089480807117,0.0178357273016834,0.07674207462058,0.00694459327682965,0.00934303040255932,0.00471319065023698,1.17845242854927e-21,0.00191913240653724,0.00599908961944363
T>G,GTT,0.00284583243657081,0.00196980705380471,0.0481748733024231,0.00589912904068096,0.000947417827618116,0.00516741237615608,0.00300650078791038,0.00320486528904523,0.00115964490671668,0.00671724034700973,0.000402498060343718,0.00304152645100836,0.000639930584202197,0.00335201268358773,0.00204856482563369,0.0108673397705846,0.00154240037348302,0.000759890596538717,0.00472440418124698,4.09781123182462e-13,0.00224600798599916,0.0126117689358618,0.00238919151516911,0.00153868918253514,0.00170126115404232,0.00842065666493236,0.122743468087797,0.00322471126210781,0.000167137845274263,0.00114518971800872,0.0061881403494761,0.00129802494062264,0.00637416392919207,0.00463547947162363,1.30319965702018e-20,0.0014564134706586,0.00432045165004919,0.00918422163155887,0.0017598496737441,0.00360491572420547,0.00325367389208343
T>G,TTA,0.00239181032596879,0.00305108286696212,0.0074303448595933,0.00108635968862373,0.00154918568175706,0.00396243371203445,0.00469021378999831,0.00280287058239472,0.0017906130414224,0.0115617506483985,0.00234148663126771,0.00908886399825096,0.00178658100962911,0.0153133540023054,0.00243961021894145,0.00251627080000271,0.00261056886283304,0.00406255311567992,0.0156757706340528,0.00660510103273672,0.00130006158688954,0.00132898775530983,0.00877118761187274,0.00368813155442583,0.0456804254823197,0.13480451033982,0.032037865051608,0.00263415106376324,5.20652082625753e-05,0.000219460987719715,0.00270154464048192,0.0519914046504557,0.00603869460771941,0.00556112732543534,1.30319965702018e-20,0.00367082690288553,0.00528860714487937,0.0138245093607147,0.00566710695871705,0.00289137271700865,0.0185584354615049
T>G,TTC,0.00222335335448858,0.00170480917028194,0.0087031541088559,0.00117782564061688,0.00101643546323282,0.00211105288551035,0.00440852654556741,0.00282045908754117,0.000989086205966814,0.00637955729766922,0.0024681760856757,0.00551181610504668,0.000843233658211743,0.0069991642028678,0.00245699821398087,0.0019040965619076,0.00234798697433198,0.000693436011762171,0.00656218666162934,3.52386980953244e-05,0.000678114051279903,0.0016203114166524,0.00478801101032092,0.00291442883735699,0.0111152394910977,0.0100106456505412,0.00326505065974065,0.0042594194370956,0.000252642870473199,0.000827989304519992,0.00678923102567503,0.00210821198952857,0.00104886537947637,0.00449262001373379,0.000786413890806401,0.00514173508374657,0.00609998019477406,0.0154252991646094,0.0025938393711323,0.00494223138274631,0.029724848684801
T>G,TTG,0.00244263614287762,0.00410310894603824,0.00644829088796464,0.00177777020044112,0.00118423570049908,0.00477896064731946,0.00526785798665566,0.0061318160854943,0.00100226389627712,0.0120986252275304,0.00311193898792557,0.00914681596273595,0.00299219151236059,0.00783738737319676,0.00376150455202704,0.00112029032438156,0.00224887998190499,0.00579966013977409,0.0027603079724497,0.0013292984702339,0.0032707443696983,0.00289602835325863,0.00408556260237873,0.00111746936697855,0.0106048648777787,0.0181581626058846,0.00815303123225159,0.00681308293507193,0.00026495207155466,0.00116813581124484,0.00660235240519536,0.00607948306927885,0.0109731353068126,0.0092878987899954,0.00548632471849009,0.00706661906832005,0.00675384024607873,0.0194579262959052,0.00191603141671935,0.00446590788303354,0.0181524990411057
T>G,TTT,0.00756199214942415,0.00846163559794697,0.0885362993724438,0.00399568995184366,0.00305744143110317,0.00952045572046625,0.0113374663777971,0.00576346117940599,0.00232211704517118,0.0137279129437118,0.00625561166830341,0.00904676513450204,0.00278390335669071,0.0132142284719133,0.00617870092187568,0.0163908014019555,0.00387928060904561,0.00207523451125662,0.13114729713618,0.0136751862230786,0.00450550308970031,0.0218359179863786,0.013348484755246,0.00249927444331677,0.0493968937594474,0.0761966546418815,0.0907115537289384,0.0125332492584768,0.000244498586127746,0.00339736875587564,0.01289805982086,0.0172506527512161,0.00827305749418868,0.00918465376034379,0.00361375482098459,0.00272355616452619,0.0124734841213966,0.0222614934275776,0.00918899527948033,0.00987134006760133,0.0531649058225349
