,ACA,ACC,ACG,ACT,CCA,CCC,CCG,CCT,GCA,GCC,GCG,GCT,TCA,TCC,TCG,TCT,ATA,ATC,ATG,ATT,CTA,CTC,CTG,CTT,GTA,GTC,GTG,GTT,TTA,TTC,TTG,TTT
D1,0.06077140206674144,0.019573567805617868,0.15901730549236848,0.02174920564841958,0.009962031010340077,0.01126933514606236,0.06210300585277068,0.0529758304443186,0.1044276276563797,0.039609551674668626,0.11999697105562404,0.05855198779255154,0.006266213929206829,0.0172314633003263,0.035124834196492684,0.05189520593529136,0.026656856804117134,0.006750765829917909,0.008690014327894457,0.041166893610622694,0.002634689076067926,0.0039579467814603135,0.001592286694203549,0.010751503152357855,0.006129817665543495,0.0025385357338817078,0.002809993643063265,0.00449356512866776,0.032118203552089844,0.0042806998171729845,0.006716047062554141,0.008186642113205108
D2,0.009047268788670702,0.002668105895027836,0.0014496833286026757,0.005655698773028208,0.011591618114350293,0.002370707436121286,0.0037845953880884377,0.00881026164590523,0.005483995244999754,0.0025136924573213614,0.0003509538611033125,0.0036757107748990533,0.5015520177877433,0.08010307810081854,0.03090038555013449,0.3100673019339606,0.001831067569456416,0.0011917268690248616,0.001363799691752619,0.001893171833507498,0.000611288317398871,0.0011130585488146323,0.0009604565474097594,0.0014263697201494958,0.0009557875353577128,0.0010769237586825166,0.0006264593715393223,0.0009930491139386994,0.0017095968512587842,0.0013088750075450394,0.0011130721152787283,0.001800222068109989
D3,4.852203608067079e-05,0.015170008179810096,1.014466424999463e-05,0.001678884801774639,0.067433261438348,0.0947842165243268,0.00992134587054315,0.06552378302712006,8.774189918380978e-06,0.0067628861509773435,6.480845201804888e-06,0.011825663158277074,0.11340428650548619,0.43390491933650666,0.0769364604078186,0.03682570301851954,0.0018996146755179773,0.0004948929581522775,0.0014550621303188562,0.008013768945510376,0.0006844809302945379,0.0006149973137372415,0.0001825920253924741,0.0033195127870879917,0.0001195649895069146,8.062997850783239e-06,0.0011981163558536817,0.017265085325966385,0.008078624436317084,0.0048813046852466254,0.0029053825097904453,0.014633596778497121
D4,0.0122458554853441,0.009990840757539332,0.011873092648700564,0.017296130242384074,0.012427619966264632,0.004274782431538969,0.010513209139962815,0.007997426499529774,0.0117781166940917,0.005732868670901704,0.009180623941271745,0.010418727137776588,0.013639555337968177,0.008841369520024164,0.007480656926492138,0.038644443526236465,0.022037154342808035,0.008823492902379949,0.006719378882930634,0.024527070039484594,0.030891403966984598,0.12233955027386953,0.030339816446576507,0.36632490774697013,0.008305209876227968,0.015356356781885015,0.008363943028294496,0.046076919068846985,0.041813403390571637,0.016036662152978998,0.00949475578607802,0.05021465638708587
D5,0.0021226280580095404,0.013551628551518312,0.0003101151461108943,0.01414302133186203,0.03025595255551812,0.0062459080995405,0.003818300762111972,0.01004365814714833,0.0002889012620438734,0.00540852498687474,9.380439164259833e-05,0.013620281383783722,0.4706721853893504,0.10555988208801605,0.056644235442464545,0.1963494159699403,0.012437506033190389,0.004873071005526717,0.004142603244871223,0.011550379956780986,0.0033672614260606124,0.0019030024645158546,0.0006626643306810429,0.004115717232425404,0.0010448310170058344,0.0009770296510842492,0.0014815896695290318,0.0014979424357564218,0.00845903316249896,0.002867333833990432,0.0021804197937128054,0.009311171176434237
D6,0.007627129992561463,0.06331693955796651,0.0001969968357609108,0.041499237742649346,0.07637542116228052,0.2057644477050716,0.014902851253286402,0.31282808858029065,0.002644248835878722,0.0923879216991937,0.00012568182319400612,0.03671941592973177,0.012013940762378222,0.043099469371673686,0.00027099739296488414,0.06734214153345787,0.0014181706272194167,0.0003656946889769852,0.0013743484679719174,0.0009004345562386928,0.003576730743252801,0.0023059077681848554,0.005790811280359695,0.001404129571900699,0.00047655370403197535,5.010477120852462e-05,0.0013309951968890096,0.00037367638693524955,0.0005781556846841814,0.0003386056199235766,0.0022561687421949733,0.00034458201168738653
D7,0.020799623080833468,0.011588199537493552,0.006930920991022632,0.010487759820393475,0.011615314357685333,0.020553475895279172,0.006798137770617395,0.015851262893341878,0.015792140803766636,0.021743653597270266,0.0006738248677076156,0.0101106754165892,0.006453751877335264,0.007025548629193815,0.0017334094225837581,0.0055628200735708755,0.11044771654400826,0.03501361586875923,0.07147875677190466,0.042758182347815865,0.05511458414849973,0.033183322368628615,0.06946468716020952,0.009137922245246165,0.09126354713076522,0.03012228446975325,0.07219404123626198,0.049663125822973754,0.06122162194496559,0.031907308849366,0.04446771056941722,0.018841053486740787
D8,0.13052813274107256,0.030510132902820893,0.009812892250896965,0.06305287913819324,0.1257855414592791,0.05626923502923409,0.015198616883101512,0.021814816471717857,0.08766694765609236,0.02168758774019208,0.005144543981123098,0.026842134312078037,0.03889151945930634,0.031057519768558008,0.0006294011129276147,0.03589629606586982,0.04412920844199591,0.002821201527651348,0.030075657453750137,0.005787234749626843,0.04112460762905119,0.012423708061490086,0.04511927437077325,0.025727093902634297,0.013491765733808302,0.0018976475200616649,0.016059863281705063,0.0018692090560122907,0.025379242623252453,0.0033967512338690144,0.01853847672153871,0.01137086072031602
D9,0.011837787674768318,0.0019507975334058267,0.013183901035299785,0.0028116430588190572,0.0010474472161674374,0.009431347222804795,0.016426134035599595,0.07600411540096644,0.04708237471875745,0.14679904489877033,0.1846518950522799,0.14009251928522037,0.000699952698892039,0.006641126315340508,0.00596477752136798,0.014806416923154769,0.009258349363081638,0.020619135066508313,0.004976726354454196,0.008844336824535079,0.001529268404028694,0.00840008161840759,0.00858333558152043,0.006300545779796175,0.05363052390005535,0.05793698936798559,0.03421442655723602,0.053983887750422184,0.002165296352888628,0.022880206785425548,0.0054718869695074435,0.021773722732532624
D10,0.004378205251051353,0.0014335851772070936,0.0007642090483533075,0.003237403592702337,0.005800565243989912,0.0015572520198454077,0.001343632046881988,0.004816837397415555,0.004362664348761961,0.0008182280197578917,0.00011851424629924123,0.001954009522957766,0.3936921157803203,0.08052300628225001,0.02499700169940468,0.45811796950432354,0.0013928362499952753,0.0007860419337742541,0.0007908173781198787,0.0011669223217024558,0.0004820235175124757,0.00033479858093002357,0.0003183088706063551,0.0008584107838931336,0.0002902036628716915,0.0003497439552245059,0.00020260631536454134,0.0007642439200301045,0.0023074523196445554,0.0008947251412036927,0.0005399955666999569,0.000605670300904482
D11,1.5324096747563724e-05,0.0029760202601669694,0.005184057422995933,0.02865636194235659,7.792535694023777e-05,1.3599009209430762e-05,6.943556605767688e-05,0.023824995174781483,5.3721207208502915e-05,0.008919424124814343,0.008781591224948019,0.02448440382653246,0.003933469573332155,0.01316680172533485,0.10048337360441861,0.5347485301503421,0.005474251160063417,0.004467183271184691,0.001740522470204336,0.03817683155934646,0.0015752817459809057,8.906891566122729e-06,0.00018749912013026773,0.004596014799492076,0.007596038716358959,0.008815362526375823,0.0014779953609351006,0.014371739713924643,0.013424044877792776,0.01261248077532456,0.0055852687446939974,0.12450154400043893
D12,0.1802003908458215,0.013870328014059916,0.04177100413117617,0.027955903910284085,0.021576220208608405,0.04764812134312361,0.03432550559826575,0.07906645929379126,0.08295736929296427,0.035146687679075236,0.012871256235214724,0.025991091812009537,0.01133523271528152,0.006763004229247284,0.00452200901297801,0.011834006779541965,0.020130886247786337,0.013087073027706448,0.055344388882799925,0.028510181867997277,0.012210132819245167,0.04271076124819392,0.06635903712610734,0.011558602256141904,0.004251186895636511,0.0011077232958990966,0.02619731977278657,0.002570733699863179,0.010805373152206131,0.014345187114146956,0.02946764392374859,0.02350917756829128
D13,0.0034324328214634246,0.008194921415884217,0.0038484830015809183,0.0045428417857338805,0.0014382763400361384,0.001549529873281673,0.004103401317804187,0.00351446534877251,0.004242008490619414,0.013321335330988731,0.010853587381702955,0.012158234075663868,0.00847397504327994,0.007485794323567097,0.008775912555463075,0.02442671634763043,0.037706639446721694,0.012447426891972183,0.0135109523721595,0.07763413131635319,0.015305431158070723,0.0006143476493600608,0.006676907073579608,0.004752904306483725,0.027739138924394117,0.013122984990868045,0.013053520597831264,0.030887013850635348,0.07696232194783788,0.03629081797686083,0.022934600290188865,0.48999894575321057
D14,0.005144246730520277,0.0021436811657927716,0.0021257786146457527,0.008053254778207416,0.005438034260147668,0.0014449424276262478,0.0042455382352620495,0.00639233201575943,0.003930663117898398,0.002141000648682785,0.0018389265972162312,0.006482891243542178,0.01148902346630633,0.00505252214386058,0.0026750366516703947,0.020701545296181588,0.005044378452004305,0.013548536850438364,0.006736778779786744,0.0973632766718792,0.003934779446395086,0.021524388203140832,0.04338196383046543,0.3704680959907191,0.004037803144252103,0.014817126085126744,0.012200816727784754,0.10049269740619357,0.005187863397571427,0.022343497393348122,0.012644508636395033,0.17697407159117923
D15,0.004107054847808566,0.07617431181280684,0.000990040842639951,0.040861459564271875,0.16918201018884577,0.05087640625829224,0.02869189804775256,0.02950721808128172,0.000814857442295113,0.011446360308090715,0.00014099008138668595,0.010277111537305744,0.1250340227882834,0.11366506654054462,0.007610826480180658,0.14076438684495426,0.029765157150646347,0.004233499563591484,0.01846502122613673,0.034727266857495796,0.008814056580766172,0.003754011276366954,0.0017938736182981216,0.008843270303992751,0.0010187076317136159,0.0004111787495219879,0.005844607895887729,0.013914674422598328,0.024360223187497955,0.01291440671192187,0.011907737332686597,0.009088285824136665
D16,0.020575692436208357,0.026832877826570005,0.026699193485682875,0.03969709121248345,0.008419529578067977,0.007470630690682967,0.008278464438768826,0.012135889977426359,0.005492523443724237,0.007128952835101481,0.003116866415783108,0.012191667354743476,0.007845334893743682,0.009438397954787858,0.00599941333542493,0.040615264939838726,0.09772854104518428,0.05726487819689118,0.03250343245644127,0.12350669447126217,0.04772781520716709,0.021892774015968983,0.004172740412720529,0.020134194340833942,0.015063691043719506,0.033040365156726974,0.006466329061133397,0.0460807111416274,0.1289844375674329,0.05995821019110167,0.035396687127968285,0.028140707744782174
D17,0.04246913192423304,0.015193015307332528,0.22439266689309392,0.01627312084053225,0.01856733639697141,0.019352198747251633,0.15924844894023601,0.018056242396891357,0.009362541468365274,0.016963273659843996,0.1699384685481077,0.006755598155068715,0.005682650839992491,0.00909325280661385,0.09247009245771237,0.010838097441540604,0.022648006867433648,0.005985730462763621,0.013541006931791303,0.014505650411454896,0.00589988831924842,0.00860305840151575,0.006187129626241147,0.009374228886753808,0.009533705279752988,0.0022755131975276963,0.011473316531410404,0.007056054831212633,0.010944892664219398,0.005265977519359359,0.00845517230396174,0.023594530941566473
D18,0.04796374131750361,0.11750462514444886,0.02363004120843575,0.1830798073175358,0.0026239902645521637,0.008018498227737762,0.0022399746404848293,0.11222141822505763,0.044709765016641485,0.08019065058805093,0.007162225733392228,0.1251040831545782,0.00901375360565526,0.07011033678849776,0.0006947176025523235,0.13304728587532186,0.0025139013698119283,0.0030514693034580445,0.0018006467379932049,0.008234591410119426,0.00041033487586290124,0.002110159366829289,0.0005402600169375718,0.0013804653136694335,0.0022668524742975233,0.003007376821702558,0.0009169613675480034,0.0023454669152934747,0.0010462678109345609,0.0016030798512186987,0.0010046927536998455,0.00045255890017726155
